Name,Platform,Year_of_Release,Genre,Publisher,NA_Sales,EU_Sales,JP_Sales,Other_Sales,Global_Sales,Critic_Score,Critic_Count,User_Score,User_Count,Rating
G Darius,PS,1997.0,Shooter,THQ,0.04,0.03,0.0,0.0,0.07,,,,,
Mucha Lucha! Mascaritas of the Lost Code,GBA,2003.0,Fighting,Ubisoft,0.05,0.02,0.0,0.0,0.07,,,,,E
SD Gundam: Gashapon Wars,GC,2005.0,Strategy,Namco Bandai Games,0.0,0.0,0.07,0.0,0.07,,,,,
Alvin and the Chipmunks,PS2,2007.0,Misc,Brash Entertainment,0.04,0.03,0.0,0.01,0.07,33.0,5.0,4.5,6.0,E
Hearts of Iron III,PC,2009.0,Strategy,Paradox Interactive,0.02,0.04,0.0,0.01,0.07,77.0,23.0,7.1,233.0,Three
Picture Perfect Hair Salon,DS,2009.0,Simulation,505 Games,0.07,0.0,0.0,0.01,0.07,,,tbd,,
River King: Mystic Valley (US sales),DS,2007.0,Sports,Rising Star Games,0.07,0.0,0.0,0.0,0.07,,,,,
Kengo: Legend of The 9,X360,2006.0,Fighting,Majesco Entertainment,0.06,0.01,0.0,0.01,0.07,38.0,18.0,4.1,14.0,M
Romance of the Three Kingdoms XI,PS2,2007.0,Strategy,Tecmo Koei,0.0,0.0,0.07,0.0,0.07,69.0,10.0,8.4,8.0,
Hammerin' Hero,PSP,2008.0,Action,Irem Software Engineering,0.06,0.0,0.0,0.01,0.07,73.0,19.0,7.3,8.0,
Model * Oshare Audition: Dream Girl,3DS,2013.0,Misc,Alchemist,0.0,0.0,0.07,0.0,0.07,,,,,
Lupin Sansei: Shijou Saidai no Zunousen,DS,2010.0,Adventure,Namco Bandai Games,0.0,0.0,0.07,0.0,0.07,,,,,CERO_C
Dark Souls III,PC,2016.0,Role-Playing,Namco Bandai Games,0.0,0.07,0.0,0.0,0.07,89.0,56.0,8.6,1848.0,Sixteen
Petz Fantasy 3D,3DS,2011.0,Simulation,Ubisoft,0.07,0.0,0.0,0.0,0.07,,,tbd,,E
WRC 2: FIA World Rally Championship,X360,2011.0,Racing,Ubisoft,0.0,0.06,0.0,0.01,0.07,,,,,Three
Archer Maclean's 3D Pool,GBA,2003.0,Misc,Crave Entertainment,0.05,0.02,0.0,0.0,0.07,,,,,
Tak: The Great Juju Challenge,XB,2005.0,Platform,THQ,0.05,0.02,0.0,0.0,0.07,75.0,19.0,tbd,,Three
TMNT: Mutant Melee,GC,2005.0,Fighting,Konami Digital Entertainment,0.06,0.01,0.0,0.0,0.07,44.0,16.0,2.8,4.0,T
Combat: Task Force 121,XB,2005.0,Shooter,Zoo Digital Publishing,0.05,0.02,0.0,0.0,0.07,44.0,9.0,8.5,4.0,M
Winning Eleven Playmaker 2010: Aoki Samurai no Chousen,Wii,2010.0,Sports,Konami Digital Entertainment,0.0,0.0,0.07,0.0,0.07,,,,,
Goosebumps HorrorLand,PS2,2008.0,Adventure,Scholastic Inc.,0.04,0.03,0.0,0.01,0.07,,,tbd,,E10
Exhibition Volume 4,XB,2003.0,Misc,Microsoft Game Studios,0.05,0.02,0.0,0.0,0.07,,,,,
Viewpoint,PS,1995.0,Shooter,Electronic Arts,0.04,0.03,0.0,0.0,0.07,,,,,
Code Geass: Hangyaku no Lelouch - Lost Colors,PSP,2008.0,Adventure,Namco Bandai Games,0.0,0.0,0.07,0.0,0.07,,,,,
Disney's Donald Duck Advance,GBA,2001.0,Platform,Ubisoft,0.05,0.02,0.0,0.0,0.07,,,,,E
Stacked with Daniel Negreanu,PS2,2006.0,Misc,Myelin Media,0.04,0.03,0.0,0.01,0.07,63.0,23.0,5.3,7.0,T
Hakuouki: Yuugi Roku,PSP,2010.0,Adventure,Idea Factory,0.0,0.0,0.07,0.0,0.07,,,,,CERO_A
The Rub Rabbits!,DS,2005.0,Puzzle,Sega,0.03,0.0,0.04,0.0,0.07,,,,,T
Rapala Pro Bass Fishing 2010,PSP,2010.0,Sports,Activision,0.06,0.0,0.0,0.01,0.07,,,tbd,,
Let's Ride! Friends Forever,DS,2008.0,Adventure,THQ,0.07,0.0,0.0,0.01,0.07,,,,,
Circus Maximus: Chariot Wars,XB,2002.0,Racing,THQ,0.05,0.02,0.0,0.0,0.07,67.0,26.0,5,4.0,T
Squishy Tank,DS,2010.0,Puzzle,Natsume,0.07,0.0,0.0,0.0,0.07,,,tbd,,E
Dungeon Maker II: The Hidden War,PSP,2007.0,Role-Playing,Global A Entertainment,0.06,0.0,0.0,0.01,0.07,,,tbd,,
Discovery Kids: Parrot Pals,DS,2009.0,Simulation,505 Games,0.07,0.0,0.0,0.01,0.07,,,tbd,,E
Kenyuu Densetsu Yaiba,SNES,1994.0,Action,Banpresto,0.0,0.0,0.07,0.0,0.07,,,,,
Kidou Senshi Gundam: Giren no Yabou - Axis no Kyoui V,PS2,2009.0,Strategy,Namco Bandai Games,0.0,0.0,0.07,0.0,0.07,,,,,
Kidou Senshi Gundam: Giren no Yabou - Axis no Kyoui V,PSP,2009.0,Strategy,Namco Bandai Games,0.0,0.0,0.07,0.0,0.07,,,,,
Elements of Destruction,DS,2007.0,Strategy,THQ,0.07,0.0,0.0,0.01,0.07,,,tbd,,
Serious Sam: Next Encounter,PS2,2004.0,Shooter,Global Star,0.04,0.03,0.0,0.01,0.07,65.0,27.0,7.8,17.0,Twelve
Eiken DS,DS,2007.0,Misc,Rocket Company,0.0,0.0,0.07,0.0,0.07,,,,,
Game Center CX: Arino no Chousenjou 2,DS,2009.0,Action,Namco Bandai Games,0.0,0.0,0.07,0.0,0.07,,,,,
Tom Clancy's Ghost Recon 2,GC,2005.0,Shooter,Ubisoft,0.06,0.01,0.0,0.0,0.07,54.0,10.0,1.4,11.0,T
E.X. Troopers,3DS,2012.0,Shooter,Capcom,0.0,0.0,0.07,0.0,0.07,,,,,CERO_B
The Croods: Prehistoric Party!,Wii,2013.0,Misc,D3Publisher,0.01,0.05,0.0,0.0,0.07,,,,,E
J Legend Retsuden,3DS,2013.0,Misc,Namco Bandai Games,0.0,0.0,0.07,0.0,0.07,,,,,
SpongeBob's Truth or Square,PSP,2009.0,Action,THQ,0.02,0.04,0.0,0.01,0.07,,,tbd,,
Port Royale 3,PS3,2012.0,Simulation,Kalypso Media,0.06,0.0,0.0,0.01,0.07,,,8.9,9.0,Sixteen
Port Royale 3,PS3,2012.0,Simulation,Kalypso Media,0.06,0.0,0.0,0.01,0.07,,,8.9,9.0,Sixteen
Monster Racers,DS,2009.0,Racing,Tecmo Koei,0.05,0.0,0.02,0.0,0.07,70.0,5.0,9,5.0,
The King of Fighters: Evolution,DC,2000.0,Fighting,SNK,0.0,0.0,0.07,0.0,0.07,,,,,T
DS Uranai Seikatsu,DS,2009.0,Misc,Nintendo,0.0,0.0,0.07,0.0,0.07,,,,,
Hyperdimension Neptunia Re;Birth 3,PSV,2014.0,Action,Idea Factory International,0.04,0.02,0.0,0.02,0.07,,,,,
Pro Farm 1,PC,2011.0,Simulation,Excalibur Publishing,0.0,0.06,0.0,0.01,0.07,,,,,
Pitfall: The Lost Expedition,GBA,2003.0,Platform,Activision,0.05,0.02,0.0,0.0,0.07,66.0,13.0,tbd,,
Rock Band Country Track Pack 2,PS3,2011.0,Misc,MTV Games,0.07,0.0,0.0,0.01,0.07,,,tbd,,E10
Speed Zone,Wii,2009.0,Racing,Bethesda Softworks,0.01,0.05,0.0,0.01,0.07,37.0,14.0,3.8,11.0,E
All-Star Baseball 2004,GBA,2003.0,Sports,Acclaim Entertainment,0.05,0.02,0.0,0.0,0.07,,,,,
Cho~ricchi! Tamagotchi no Puchi Puchi Omisecchi,3DS,2012.0,Action,Namco Bandai Games,0.0,0.0,0.07,0.0,0.07,,,,,
Jewel Time Deluxe,DS,2011.0,Puzzle,O-Games,0.04,0.03,0.0,0.01,0.07,,,tbd,,E
James Cameron's Dark Angel,XB,2002.0,Action,Vivendi Games,0.05,0.02,0.0,0.0,0.07,47.0,17.0,8.3,6.0,
The Legend of Heroes: Trails in the Sky Third Chapter,PSP,2008.0,Role-Playing,Falcom Corporation,0.0,0.0,0.07,0.0,0.07,,,,,CERO_B
Aqua Teen Hunger Force: Zombie Ninja Pro-Am,PS2,2007.0,Racing,Midway Games,0.03,0.03,0.0,0.01,0.07,37.0,19.0,5.9,10.0,M
Hannspree Ten Kate Honda: SBK Superbike World Championship,PS2,2007.0,Racing,Black Bean Games,0.03,0.03,0.0,0.01,0.07,,,,,
Generator Rex: Agent of Providence,PS3,2011.0,Action,Activision,0.05,0.01,0.0,0.01,0.07,,,tbd,,E10
Alexi Lalas International Soccer,PS,1998.0,Sports,Take-Two Interactive,0.04,0.03,0.0,0.0,0.07,,,,,
Dream Trigger 3D,3DS,2011.0,Shooter,D3Publisher,0.04,0.02,0.0,0.01,0.07,54.0,24.0,6.3,29.0,E
Monster Rancher Battle Card: Episode II,PS,2000.0,Action,Tecmo Koei,0.04,0.03,0.0,0.0,0.07,,,,,E
NCAA College Football 2K3,GC,2002.0,Sports,Sega,0.05,0.01,0.0,0.0,0.07,70.0,7.0,tbd,,E
Karaoke Revolution Party,GC,2005.0,Misc,Konami Digital Entertainment,0.05,0.01,0.0,0.0,0.07,80.0,22.0,tbd,,E10
Crayola: Colorful Journey,Wii,2009.0,Misc,Crave Entertainment,0.07,0.0,0.0,0.0,0.07,,,tbd,,E
Itoi Shigesato no Bass Tsuri No. 1 Ketteihan!,N64,2000.0,Sports,Nintendo,0.0,0.0,0.07,0.0,0.07,,,,,
Jumper: Griffin's Story,PS2,2008.0,Action,Eidos Interactive,0.03,0.03,0.0,0.01,0.07,,,4.2,5.0,T
Operation Darkness,X360,2007.0,Role-Playing,Success,0.07,0.0,0.0,0.01,0.07,46.0,22.0,7,21.0,M
Emily the Strange: Strangerous,DS,2011.0,Action,DTP Entertainment,0.04,0.02,0.0,0.01,0.07,,,tbd,,Twelve
Famicom Mini: Nazo no Murasame-Jou,GBA,2004.0,Action,Nintendo,0.0,0.0,0.07,0.0,0.07,,,,,
Galerians: Ash,PS2,2002.0,Adventure,Sammy Corporation,0.03,0.03,0.0,0.01,0.07,50.0,22.0,7.9,11.0,T
Dead Island: Riptide,PC,2013.0,Action,Deep Silver,0.0,0.07,0.0,0.01,0.07,61.0,35.0,6,441.0,Eighteen
Jimmie Johnson's Anything With an Engine,Wii,2011.0,Racing,Konami Digital Entertainment,0.07,0.0,0.0,0.0,0.07,,,tbd,,E10
R-Type Command,PSP,2007.0,Strategy,Rising Star Games,0.05,0.0,0.01,0.01,0.07,69.0,29.0,6.5,6.0,E10
Yoostar on MTV,X360,2012.0,Misc,Unknown,0.07,0.0,0.0,0.01,0.07,49.0,4.0,tbd,,
Just Dance: Disney Party 2,XOne,2015.0,Action,Ubisoft,0.05,0.01,0.0,0.01,0.07,,,tbd,,E
Kane & Lynch 2: Dog Days,PC,2010.0,Shooter,Square Enix,0.0,0.06,0.0,0.01,0.07,,,,,Eighteen
Haunting Ground,PS2,2005.0,Action,Capcom,0.03,0.03,0.0,0.01,0.07,67.0,33.0,8.8,44.0,M
Mahjong Fight Club DS: Wi-Fi Taiou,DS,2006.0,Misc,Konami Digital Entertainment,0.0,0.0,0.07,0.0,0.07,,,,,
"Hi! Hamtaro - Little Hamsters,big Adventures: Ham-Ham Challenge",DS,2005.0,Misc,505 Games,0.07,0.0,0.0,0.0,0.07,,,,,
Grand Kingdom,PS4,2015.0,Role-Playing,Nippon Ichi Software,0.03,0.0,0.03,0.01,0.07,78.0,33.0,8.1,63.0,Twelve
Robocalypse,DS,2008.0,Strategy,Tecmo Koei,0.07,0.0,0.0,0.01,0.07,78.0,15.0,8.6,18.0,E10
Vampire Knight DS,DS,2009.0,Adventure,D3Publisher,0.0,0.0,0.07,0.0,0.07,,,,,CERO_B
Disney Sports Skateboarding,GBA,2002.0,Sports,Konami Digital Entertainment,0.05,0.02,0.0,0.0,0.07,42.0,6.0,tbd,,E
Homie Rollerz,DS,2008.0,Racing,Destineer,0.07,0.0,0.0,0.01,0.07,23.0,9.0,2.4,12.0,E
Let's Paint,Wii,2010.0,Simulation,Zoo Games,0.07,0.0,0.0,0.0,0.07,,,tbd,,E
Rugby League 3,Wii,2010.0,Sports,Alternative Software,0.0,0.06,0.0,0.01,0.07,,,,,Three
Magi: The Labyrinth of Beginning,3DS,2013.0,Role-Playing,Namco Bandai Games,0.0,0.0,0.07,0.0,0.07,,,,,
Escape Dead Island,X360,2014.0,Action,Deep Silver,0.03,0.04,0.0,0.01,0.07,32.0,12.0,3.8,74.0,Eighteen
Tom Clancy's Splinter Cell: Chaos Theory,DS,2005.0,Action,Ubisoft,0.06,0.0,0.0,0.01,0.07,50.0,22.0,7,25.0,T
The Croods: Prehistoric Party!,DS,2013.0,Misc,D3Publisher,0.03,0.04,0.0,0.01,0.07,,,,,E
I Don't Have Many Friends Portable,PSP,2012.0,Adventure,Namco Bandai Games,0.0,0.0,0.07,0.0,0.07,,,,,
SimCity 4: Deluxe Edition,PC,2003.0,Simulation,Electronic Arts,0.0,0.06,0.0,0.01,0.07,,,8.3,37.0,Three
Jewel Link Chronicles: Legend of Athena,DS,2011.0,Puzzle,GSP,0.0,0.06,0.0,0.01,0.07,,,,,
CSI: Dark Motives,DS,2007.0,Adventure,Ubisoft,0.05,0.01,0.0,0.01,0.07,,,6.7,6.0,M
Burnout Paradise: The Ultimate Box,PS3,2009.0,Racing,Electronic Arts,0.0,0.05,0.01,0.01,0.07,,,,,Seven
Loons: The Fight For Fame,XB,2002.0,Action,Atari,0.05,0.02,0.0,0.0,0.07,,,,,E
Romance of the Three Kingdoms IX,PS2,2003.0,Strategy,Tecmo Koei,0.03,0.03,0.0,0.01,0.07,74.0,17.0,8.9,10.0,E
Second Sight,XB,2004.0,Adventure,Codemasters,0.05,0.02,0.0,0.0,0.07,75.0,46.0,8,6.0,T
Metal Gear Solid,GB,2000.0,Action,Konami Digital Entertainment,0.0,0.0,0.07,0.0,0.07,,,,,
The Legend of Heroes: Trails in the Sky First Chapter,PSV,2015.0,Role-Playing,Kadokawa Shoten,0.0,0.0,0.07,0.0,0.07,,,,,
Totaled!,XB,2002.0,Racing,Rage Software,0.05,0.02,0.0,0.0,0.07,,,,,T
Bleach: Heat the Soul 3,PSP,2006.0,Fighting,Sony Computer Entertainment,0.0,0.0,0.07,0.0,0.07,,,,,
Ecco: The Tides of Time,GEN,1993.0,Adventure,Sega,0.0,0.0,0.07,0.0,0.07,,,,,
Make 10: A Journey of Numbers,DS,2007.0,Puzzle,Nintendo,0.0,0.0,0.07,0.0,0.07,,,,,ACB_G
Fantasy Aquarium by DS,DS,2008.0,Simulation,Mercury Games,0.07,0.0,0.0,0.01,0.07,,,,,E
Rock Band Track Pack: Classic Rock,X360,2009.0,Misc,MTV Games,0.07,0.0,0.0,0.01,0.07,70.0,6.0,tbd,,T
Operation Flashpoint: Red River,PC,2011.0,Shooter,Codemasters,0.01,0.04,0.0,0.01,0.07,67.0,25.0,4.9,103.0,Eighteen
Machine Head,PS,1996.0,Shooter,Eidos Interactive,0.04,0.03,0.0,0.0,0.07,,,,,
Vanguard Bandits,PS,1998.0,Strategy,Human Entertainment,0.04,0.03,0.0,0.0,0.07,62.0,5.0,7.4,15.0,T
MLB Front Office Manager,X360,2009.0,Sports,Take-Two Interactive,0.06,0.0,0.0,0.01,0.07,47.0,13.0,4.6,10.0,E
Lost Heroes,PSP,2012.0,Role-Playing,Namco Bandai Games,0.0,0.0,0.07,0.0,0.07,,,,,CERO_B
Vampire Legends: Power of Three,DS,2010.0,Adventure,THQ,0.07,0.0,0.0,0.0,0.07,,,tbd,,E
Child of Light,PSV,2014.0,Role-Playing,Ubisoft,0.0,0.04,0.02,0.01,0.07,83.0,14.0,7.8,108.0,Seven
The Legend of Heroes VII: The Trail of Zero,PSV,2012.0,Role-Playing,Falcom Corporation,0.0,0.0,0.07,0.0,0.07,,,,,
Shin Chan Contra Â¡Los Plastas!,DS,2009.0,Platform,505 Games,0.0,0.0,0.07,0.0,0.07,,,,,
Haikyuu!! Tsunage! Itadaki no Keshiki!!,3DS,2014.0,Adventure,Namco Bandai Games,0.0,0.0,0.07,0.0,0.07,,,,,
Silent Hill: Origins,PS2,2008.0,Action,Konami Digital Entertainment,0.03,0.03,0.0,0.01,0.07,70.0,21.0,7.4,59.0,M
Blast Radius,PS,1998.0,Action,Psygnosis,0.04,0.03,0.0,0.0,0.07,,,,,
ESPN National Hockey Night,PS2,2001.0,Sports,Konami Digital Entertainment,0.03,0.03,0.0,0.01,0.07,44.0,10.0,tbd,,E
Tornado,DS,2008.0,Action,Ignition Entertainment,0.07,0.0,0.0,0.0,0.07,44.0,26.0,tbd,,E
Cut the Rope,3DS,2014.0,Puzzle,Activision,0.06,0.0,0.0,0.01,0.07,,,tbd,,E
Resident Evil: Revelations 2,X360,2015.0,Action,Capcom,0.04,0.02,0.0,0.01,0.07,,,6.6,48.0,Eighteen
Pro Yaky? Spirits 2011,3DS,2011.0,Sports,Konami Digital Entertainment,0.0,0.0,0.07,0.0,0.07,,,,,
Taz Wanted,XB,2002.0,Platform,Atari,0.05,0.02,0.0,0.0,0.07,62.0,8.0,tbd,,E
Disaster: Day of Crisis,Wii,2008.0,Action,Nintendo,0.0,0.02,0.04,0.0,0.07,69.0,21.0,,,Sixteen
Shounen Sunday x Shounen Magazine: Nettou! Dream Nine,DS,2009.0,Sports,Konami Digital Entertainment,0.0,0.0,0.07,0.0,0.07,,,,,
Harry Potter and the Sorcerer's Stone,XB,2003.0,Action,Electronic Arts,0.05,0.02,0.0,0.0,0.07,59.0,11.0,6,5.0,Three
McFarlane's Evil Prophecy,PS2,2004.0,Action,Konami Digital Entertainment,0.03,0.03,0.0,0.01,0.07,34.0,28.0,3.2,5.0,Twelve
IA/VT Colorful,PSV,2015.0,Misc,Marvelous Entertainment,0.0,0.0,0.07,0.0,0.07,,,,,
We Sing Rock!,Wii,2011.0,Misc,Nordic Games,0.0,0.06,0.0,0.01,0.07,,,,,
Wallace & Gromit in Project Zoo,GC,2003.0,Platform,BAM! Entertainment,0.05,0.01,0.0,0.0,0.07,,,,,E
Shadowgate 64: Trials of the Four Towers,N64,1999.0,Adventure,Kemco,0.06,0.01,0.0,0.0,0.07,,,,,E
Super Robot Spirits,N64,1998.0,Fighting,Banpresto,0.0,0.0,0.04,0.03,0.07,,,,,
Mia Hamm Soccer 64,N64,2000.0,Sports,THQ,0.06,0.01,0.0,0.0,0.07,,,,,E
John Madden Football,SNES,1991.0,Sports,Imagineer,0.0,0.0,0.07,0.0,0.07,,,,,
Caesars Palace Advance: Millennium Gold Edition,GBA,2001.0,Misc,Majesco Entertainment,0.05,0.02,0.0,0.0,0.07,,,,,
Aero Gauge,N64,1997.0,Racing,ASCII Entertainment,0.06,0.01,0.0,0.0,0.07,,,,,
Battlezone: Rise of the Black Dogs,N64,2000.0,Strategy,Crave Entertainment,0.06,0.01,0.0,0.0,0.07,,,,,E
Teenage Mutant Ninja Turtles: Tournament Fighters,NES,1992.0,Fighting,Konami Digital Entertainment,0.04,0.01,0.02,0.0,0.07,,,,,
Moxie Girlz,DS,2011.0,Misc,GameMill Entertainment,0.07,0.0,0.0,0.0,0.07,,,tbd,,
Damnation,X360,2009.0,Shooter,Codemasters,0.06,0.01,0.0,0.01,0.07,36.0,39.0,5.6,50.0,M
Samurai Warriors,XB,2004.0,Action,Tecmo Koei,0.05,0.02,0.0,0.0,0.07,71.0,20.0,9,5.0,T
GunParade Orchestra: Shiro no Shou,PS2,2006.0,Adventure,Sony Computer Entertainment,0.0,0.0,0.07,0.0,0.07,,,,,
Rec Room Games,DS,2011.0,Sports,Destineer,0.07,0.0,0.0,0.0,0.07,,,tbd,,
Zettai Zetsumei Toshi 3: Kowareyuku Machi to Kanojyo no Uta,PSP,2009.0,Action,Irem Software Engineering,0.0,0.0,0.07,0.0,0.07,,,,,
FIFA Soccer 2004,GC,2003.0,Sports,Electronic Arts,0.05,0.01,0.0,0.0,0.07,83.0,17.0,6.2,12.0,E
Super Robot Taisen OG Saga: Masou Kishin III - Pride of Justice,PS3,2013.0,Strategy,Namco Bandai Games,0.0,0.0,0.07,0.0,0.07,,,,,CERO_B
Record of Agarest War,PS3,2007.0,Role-Playing,Ghostlight,0.0,0.03,0.03,0.01,0.07,67.0,7.0,6.8,34.0,Twelve
SNK Arcade Classics Vol. 1,Wii,2008.0,Misc,Ignition Entertainment,0.06,0.0,0.0,0.0,0.07,73.0,18.0,8,4.0,T
Dave Mirra BMX Challenge,PSP,2006.0,Sports,Oxygen Interactive,0.06,0.0,0.0,0.01,0.07,32.0,11.0,4.6,10.0,E
Rayman 3: Hoodlum Havoc,GC,2003.0,Platform,Ubisoft,0.05,0.01,0.0,0.0,0.07,77.0,24.0,8.3,21.0,E
Tony Hawk's Pro Skater 5,X360,2015.0,Sports,Activision,0.06,0.0,0.0,0.01,0.07,,,2.8,10.0,Twelve
Tales of Rebirth,PSP,2008.0,Role-Playing,Namco Bandai Games,0.0,0.0,0.07,0.0,0.07,,,,,GRAC_ALL
The Guy Game,XB,2004.0,Misc,Gathering of Developers,0.05,0.02,0.0,0.0,0.07,47.0,20.0,5.4,7.0,M
Let's Ride! Dreamer,GBA,2005.0,Adventure,DTP Entertainment,0.05,0.02,0.0,0.0,0.07,,,,,
Fantasia: Music Evolved,X360,2014.0,Misc,Disney Interactive Studios,0.06,0.01,0.0,0.01,0.07,,,7,7.0,E10
Tecmo's Deception,PS,1996.0,Role-Playing,Sunsoft,0.04,0.03,0.0,0.0,0.07,,,,,T
Point Blank DS (JP sales),DS,2006.0,Shooter,Atari,0.0,0.0,0.07,0.0,0.07,,,,,
Ghost in the Shell: Stand Alone Complex,PSP,2005.0,Adventure,Atari,0.06,0.0,0.0,0.01,0.07,61.0,23.0,7.4,14.0,T
G-Saviour,PS2,2000.0,Action,Sunrise Interactive,0.0,0.0,0.07,0.0,0.07,,,,,
Open Season,Wii,2006.0,Platform,Ubisoft,0.06,0.0,0.0,0.01,0.07,49.0,5.0,5.6,7.0,E10
Gintama DS: Yorozuya Daisoudou,DS,2006.0,Action,Namco Bandai Games,0.0,0.0,0.07,0.0,0.07,,,,,
Drake of the 99 Dragons,XB,2003.0,Shooter,Unknown,0.05,0.01,0.0,0.0,0.07,22.0,16.0,1.8,37.0,T
Dave Mirra BMX Challenge,Wii,2007.0,Sports,505 Games,0.06,0.0,0.0,0.01,0.07,36.0,5.0,tbd,,E
BlazBlue: Chrono Phantasma,PSV,2014.0,Fighting,Arc System Works,0.03,0.0,0.03,0.01,0.07,,,7.8,28.0,Twelve
Crayon Shin-Chan: Obaka Daininden - Susume! Kasukabe Ninja Tai!,DS,2010.0,Action,Namco Bandai Games,0.0,0.0,0.07,0.0,0.07,,,,,
Crimson Sea 2,PS2,2004.0,Action,Tecmo Koei,0.03,0.03,0.0,0.01,0.07,75.0,27.0,8.3,6.0,T
Tokyo Twilight Ghost Hunters,PSV,2014.0,Role-Playing,Aksys Games,0.03,0.01,0.02,0.01,0.07,63.0,12.0,7,16.0,T
Higurashi no Nakukoru ni Kizuna: Dai-Ichi-Kan - Tatari,DS,2008.0,Adventure,Alchemist,0.0,0.0,0.07,0.0,0.07,,,,,
Doraemon: Nobita to Himitsu Dougu Hakubutsukan,3DS,2013.0,Action,FuRyu,0.0,0.0,0.07,0.0,0.07,,,,,
Ragnarok: Hikari to Yami no Koujo,PSP,2011.0,Role-Playing,GungHo,0.02,0.0,0.05,0.0,0.07,,,,,
Saint Seiya: Brave Soldiers,PS3,2013.0,Fighting,Namco Bandai Games,0.0,0.01,0.06,0.0,0.07,55.0,32.0,7.4,45.0,T
Earth Defense Force 2: Invaders from Planet Space,PSV,2014.0,Action,Xseed Games,0.02,0.0,0.04,0.01,0.07,72.0,20.0,8.5,22.0,T
Digimon World Championship,DS,2008.0,Role-Playing,Namco Bandai Games,0.0,0.0,0.07,0.0,0.07,49.0,6.0,6.5,13.0,E
AMF Bowling Pinbusters!,DS,2008.0,Sports,Vir2L Studios,0.06,0.0,0.0,0.0,0.07,,,,,E
RayStorm,PS,1997.0,Shooter,Sony Computer Entertainment,0.04,0.03,0.0,0.0,0.07,79.0,7.0,7.8,4.0,E
Disney's Winnie the Pooh's Rumbly Tumbly Adventure,GC,2005.0,Platform,Ubisoft,0.05,0.01,0.0,0.0,0.07,,,,,E
Dynasty Warriors 8: Empires,XOne,2014.0,Action,Tecmo Koei,0.04,0.02,0.0,0.01,0.07,58.0,10.0,6.8,15.0,Sixteen
Trick DS-han: Kakushi Kami no Sumukan,DS,2010.0,Misc,Konami Digital Entertainment,0.0,0.0,0.07,0.0,0.07,,,,,
Circuit Breakers,PS,1998.0,Racing,Mindscape,0.04,0.03,0.0,0.0,0.07,,,,,E
Winter Sports 2011,Wii,2011.0,Sports,DTP Entertainment,0.0,0.06,0.0,0.01,0.07,,,,,Three
futureU: The Prep Game for SAT,DS,2008.0,Misc,Aspyr,0.06,0.0,0.0,0.01,0.07,,,tbd,,E
Catwoman,GC,2004.0,Action,Electronic Arts,0.05,0.01,0.0,0.0,0.07,47.0,24.0,6.1,7.0,Twelve
Colosseum: Road to Freedom,PS2,2005.0,Role-Playing,Tecmo Koei,0.03,0.03,0.0,0.01,0.07,56.0,35.0,8.3,17.0,Sixteen
Tank! Tank! Tank!,WiiU,2012.0,Action,Namco Bandai Games,0.02,0.01,0.05,0.0,0.07,,,,,E10
Football Manager 2010,PC,2009.0,Sports,Sega,0.0,0.06,0.0,0.01,0.07,87.0,33.0,9,262.0,Three
Target: Terror,Wii,2008.0,Shooter,Konami Digital Entertainment,0.06,0.0,0.0,0.01,0.07,33.0,19.0,2.7,16.0,M
Mugen Souls Z,PS3,2013.0,Role-Playing,Nippon Ichi Software,0.02,0.01,0.04,0.01,0.07,57.0,26.0,6.4,56.0,Sixteen
BeatMania,PS2,2006.0,Simulation,Konami Digital Entertainment,0.03,0.03,0.0,0.01,0.07,67.0,30.0,8.9,11.0,
Sprint Cars: Road to Knoxville,PS2,2005.0,Racing,THQ,0.03,0.03,0.0,0.01,0.07,,,tbd,,
Guilty Gear Xrd -Revelator-,PS3,2016.0,Fighting,PQube,0.02,0.02,0.03,0.01,0.07,,,,,Twelve
Crayon Shin-Chan: Densetsu o Yobu Omake no To Shukkugaan!,GBA,2006.0,Action,Banpresto,0.0,0.0,0.07,0.0,0.07,,,,,
Shrek's Carnival Craze Party Games,PS2,2008.0,Misc,Activision,0.03,0.03,0.0,0.01,0.07,,,,,
Dream Dance & Cheer,Wii,2009.0,Misc,Zoo Games,0.06,0.0,0.0,0.0,0.07,,,,,E
Silpheed: The Lost Planet,PS2,2000.0,Shooter,Swing! Entertainment,0.03,0.03,0.0,0.01,0.07,72.0,12.0,7.5,4.0,
Billy's Boot Camp: Wii de Enjoy Diet!,Wii,2011.0,Sports,Rocket Company,0.0,0.0,0.07,0.0,0.07,,,,,
Real Time Conflict: Shogun Empires,DS,2005.0,Strategy,Namco Bandai Games,0.06,0.0,0.0,0.0,0.07,35.0,6.0,5.6,11.0,E10
Spartan: Total Warrior,GC,2005.0,Action,Sega,0.05,0.01,0.0,0.0,0.07,73.0,24.0,8.3,15.0,Eighteen
Pitfall: The Lost Expedition,XB,2004.0,Platform,Activision,0.05,0.01,0.0,0.0,0.07,73.0,35.0,7.8,4.0,E
Hoppechan: Minna de Odekake! Waku Waku Hoppe Land!!,3DS,2014.0,Action,Nippon Columbia,0.0,0.0,0.07,0.0,0.07,,,,,
Fantastic Four,PS,1997.0,Action,Acclaim Entertainment,0.04,0.03,0.0,0.0,0.07,,,,,E
Yamaha Supercross,Wii,2009.0,Racing,Zoo Digital Publishing,0.05,0.01,0.0,0.01,0.07,,,tbd,,
Petz: Hamsterz Bunch,PSP,2009.0,Simulation,Ubisoft,0.06,0.0,0.0,0.01,0.07,,,tbd,,E
Higurashi no Naku Koro ni Matsuri: Kakera Asobi,PS2,2007.0,Adventure,Alchemist,0.0,0.0,0.07,0.0,0.07,,,,,
River City Ransom EX,GBA,2004.0,Action,Atlus,0.05,0.02,0.0,0.0,0.07,75.0,21.0,8.4,7.0,T
Bionicle Heroes,X360,2006.0,Shooter,Eidos Interactive,0.05,0.01,0.0,0.01,0.07,59.0,26.0,5.9,22.0,E10
San Goku Shi Taisen Ten,DS,2008.0,Strategy,Sega,0.0,0.0,0.07,0.0,0.07,,,,,
Ant Nation,DS,2009.0,Simulation,Konami Digital Entertainment,0.06,0.01,0.0,0.01,0.07,,,tbd,,E
Fable: The Lost Chapters,PC,2005.0,Role-Playing,Microsoft Game Studios,0.01,0.05,0.0,0.01,0.07,83.0,54.0,8.7,489.0,M
Fairy Tail: Zelef Kakusei,PSP,2012.0,Action,Unknown,0.0,0.0,0.07,0.0,0.07,,,,,
Strike Point,PS,1996.0,Simulation,Elite,0.04,0.03,0.0,0.0,0.07,,,,,E
Crazy Taxi 2,DC,2001.0,Racing,Sega,0.0,0.0,0.07,0.0,0.07,82.0,18.0,8.1,29.0,T
The Sims 2: Seasons,PC,2007.0,Simulation,Electronic Arts,0.01,0.04,0.0,0.01,0.07,78.0,20.0,7.3,29.0,Twelve
Dragon Slayer: The Legend of Heroes,SNES,1992.0,Role-Playing,Epoch,0.0,0.0,0.07,0.0,0.07,,,,,
Street Fighter II': Special Champion Edition (JP weekly sales),GEN,1993.0,Action,Capcom,0.0,0.0,0.07,0.0,0.07,,,,,
Pizza Delivery Boy,Wii,2010.0,Simulation,Majesco Entertainment,0.06,0.0,0.0,0.0,0.07,,,tbd,,E
Tom and Jerry in War of the Whiskers,GC,2002.0,Fighting,NewKidCo,0.05,0.01,0.0,0.0,0.07,,,,,
Keroro RPG: Kishi to Musha to Densetsu no Kaizoku,DS,2010.0,Role-Playing,Namco Bandai Games,0.0,0.0,0.07,0.0,0.07,,,,,
Famicom Mini: Wrecking Crew,GBA,2004.0,Puzzle,Nintendo,0.0,0.0,0.07,0.0,0.07,,,,,
Suzumiya Haruhi no Gekidou,Wii,2009.0,Adventure,Kadokawa Shoten,0.0,0.0,0.07,0.0,0.07,,,,,CERO_B
Lost Heroes 2,3DS,2015.0,Action,Namco Bandai Games,0.0,0.0,0.07,0.0,0.07,,,,,CERO_B
Heavenly Guardian,Wii,2007.0,Shooter,505 Games,0.06,0.0,0.0,0.0,0.07,,,tbd,,E
Dynasty Warriors DS: Fighter's Battle,DS,2007.0,Action,Tecmo Koei,0.04,0.0,0.03,0.0,0.07,56.0,17.0,tbd,,E10
The Testament of Sherlock Holmes,PC,2012.0,Adventure,Focus Home Interactive,0.0,0.06,0.0,0.01,0.07,73.0,18.0,8,128.0,Sixteen
Space Hulk: Vengeance of the Blood Angels,PS,1995.0,Shooter,Electronic Arts,0.04,0.03,0.0,0.0,0.07,,,,,
Robot Alchemic Drive,PS2,2002.0,Action,Enix Corporation,0.03,0.03,0.0,0.01,0.07,79.0,21.0,8.2,13.0,T
Alpha and Omega,DS,2010.0,Action,Unknown,0.06,0.0,0.0,0.0,0.07,,,tbd,,E
Motor Toon Grand Prix (Japan),PS,1994.0,Racing,Sony Computer Entertainment,0.0,0.0,0.06,0.0,0.07,,,,,
Dino Master: Dig Discover Duel,DS,2005.0,Strategy,Majesco Entertainment,0.06,0.0,0.0,0.0,0.07,,,,,
Ken to Mahou to Gakuen Mono. 3,PS3,2010.0,Role-Playing,Acquire,0.0,0.0,0.07,0.0,0.07,,,,,CERO_A
Tomb Raider: Legend,DS,2006.0,Action,Eidos Interactive,0.04,0.02,0.0,0.01,0.07,58.0,15.0,8,7.0,T
Warhammer: Battle For Atluma,PSP,2006.0,Action,Namco Bandai Games,0.06,0.0,0.0,0.01,0.07,55.0,8.0,7.4,8.0,T
Hikaru no Go: Heian Gensou Ibunroku,PS,2002.0,Adventure,Konami Digital Entertainment,0.0,0.0,0.06,0.0,0.07,,,,,
Eagle Flight,PS4,2016.0,Adventure,Ubisoft,0.01,0.05,0.0,0.01,0.07,72.0,31.0,7.8,22.0,
Operation: Vietnam,DS,2007.0,Shooter,Majesco Entertainment,0.06,0.0,0.0,0.0,0.07,65.0,16.0,6.3,4.0,T
Samurai Shodown,NG,1993.0,Fighting,SNK,0.0,0.0,0.07,0.0,0.07,,,,,
OverBlood 2,PS,1998.0,Action,Evolution Games,0.0,0.0,0.06,0.0,0.07,,,,,
Fighter Maker 2,PS2,2002.0,Fighting,Enterbrain,0.03,0.03,0.0,0.01,0.07,58.0,11.0,7.8,5.0,T
Lifeline,PS2,2003.0,Adventure,Sony Computer Entertainment,0.03,0.03,0.0,0.01,0.07,61.0,31.0,7.7,9.0,M
Judie no Atelier: Guramnat no Renkinjutsushi,PS2,2002.0,Role-Playing,Gust,0.0,0.0,0.07,0.0,0.07,,,,,
Dragon Valor,PS,1999.0,Role-Playing,Sony Computer Entertainment,0.04,0.03,0.0,0.0,0.07,57.0,9.0,8.3,10.0,T
Tokyo Beat Down,DS,2008.0,Action,Success,0.06,0.0,0.0,0.0,0.07,56.0,23.0,tbd,,T
NHL 2005,GC,2004.0,Sports,Electronic Arts,0.05,0.01,0.0,0.0,0.07,75.0,18.0,5.6,5.0,E
Midway Arcade Treasures 3,GC,2005.0,Misc,Midway Games,0.05,0.01,0.0,0.0,0.07,65.0,16.0,tbd,,E
Microsoft Flight Simulator 2004: A Century of Flight,PC,2003.0,Simulation,Microsoft Game Studios,0.0,0.06,0.0,0.01,0.07,88.0,22.0,8.2,49.0,E
"Horrid Henry: The Good, The Bad and The Bugly",3DS,2011.0,Platform,Asylum Entertainment,0.0,0.06,0.0,0.01,0.07,,,,,
Firefighter F.D.18,PS2,2004.0,Action,Konami Digital Entertainment,0.03,0.03,0.0,0.01,0.07,,,,,Twelve
Anubis II,Wii,2007.0,Platform,Metro 3D,0.06,0.0,0.0,0.0,0.07,19.0,5.0,2.7,28.0,E
Goodbye Deponia,PC,2013.0,Adventure,Daedalic Entertainment,0.0,0.06,0.0,0.0,0.07,80.0,34.0,7.9,171.0,T
Pro Yaky? Spirits 2014,PSV,2014.0,Sports,Konami Digital Entertainment,0.0,0.0,0.07,0.0,0.07,,,,,
Legend of Kay,PS4,2015.0,Action,Nordic Games,0.02,0.03,0.0,0.01,0.07,,,,,Twelve
Cartoon Network: Punch Time Explosion XL,PS3,2011.0,Fighting,Crave Entertainment,0.06,0.0,0.0,0.01,0.07,,,,,Twelve
DS Nishimura Kyotaro Suspense 2 Shin Tantei Series: Kanazawa Hakodate - Gokkan no Kyoukoku - Fukushuu no Kage,DS,2008.0,Adventure,Tecmo Koei,0.0,0.0,0.07,0.0,0.07,,,,,
The Book of Unwritten Tales 2,PS4,2015.0,Adventure,Nordic Games,0.0,0.06,0.0,0.01,0.07,63.0,9.0,8.6,7.0,Twelve
Ultimate Board Game Collection,PSP,2007.0,Misc,Xplosiv,0.06,0.0,0.0,0.01,0.07,57.0,6.0,tbd,,E
Mega Man X4,SAT,1997.0,Action,Capcom,0.0,0.0,0.07,0.0,0.07,,,,,E
Jackass the Game DS,DS,2008.0,Action,Empire Interactive,0.06,0.0,0.0,0.01,0.07,,,,,T
Jake Power: Handyman,DS,2008.0,Adventure,Ubisoft,0.06,0.0,0.0,0.0,0.07,,,tbd,,
My Dress-Up,DS,2008.0,Misc,Oxygen Interactive,0.06,0.01,0.0,0.01,0.07,,,tbd,,
Power Pro GB,GB,1998.0,Sports,Konami Digital Entertainment,0.0,0.0,0.07,0.0,0.07,,,,,
Beat City,DS,2010.0,Misc,THQ,0.06,0.0,0.0,0.0,0.07,70.0,7.0,tbd,,E
Sudoku Fever,GBA,2006.0,Puzzle,Take-Two Interactive,0.05,0.02,0.0,0.0,0.07,,,tbd,,E
Inversion,PS3,2012.0,Shooter,Namco Bandai Games,0.03,0.03,0.0,0.01,0.07,56.0,23.0,5.4,43.0,Eighteen
The Putter Golf,PS,2001.0,Sports,D3Publisher,0.04,0.03,0.0,0.0,0.07,,,,,E
Ultimate Marvel vs. Capcom 3,X360,2011.0,Fighting,Capcom,0.0,0.03,0.04,0.0,0.07,79.0,44.0,6.2,85.0,Twelve
The Powerpuff Girls: Relish Rampage,GC,2002.0,Action,BAM! Entertainment,0.05,0.01,0.0,0.0,0.07,,,7.6,5.0,E
Super Real Mahjong Graffiti,SAT,1995.0,Misc,Seta Corporation,0.0,0.0,0.07,0.0,0.07,,,,,CERO_D
Future Card Buddy Fight: Yuujou no Bakunetsu Fight,3DS,2015.0,Action,FuRyu,0.0,0.0,0.07,0.0,0.07,,,,,
Ninja Warriors,SNES,1993.0,Action,Titus,0.0,0.0,0.07,0.0,0.07,,,,,
Army Men: RTS,GC,2004.0,Strategy,Global Star,0.05,0.01,0.0,0.0,0.07,,,8.5,4.0,T
Classic Action: Devilish,DS,2005.0,Misc,505 Games,0.06,0.0,0.0,0.0,0.07,40.0,6.0,tbd,,Three
Zettai Onkan Otoda Master,DS,2007.0,Role-Playing,Hudson Soft,0.0,0.0,0.07,0.0,0.07,,,,,CERO_A
Assassin's Creed Chronicles,PSV,2016.0,Action,Ubisoft,0.01,0.04,0.01,0.01,0.07,70.0,6.0,8,24.0,T
Dragoneer's Aria,PSP,2007.0,Role-Playing,Tecmo Koei,0.02,0.0,0.05,0.0,0.07,56.0,30.0,6,7.0,E10
Xbox Live Arcade Unplugged Volume 1,X360,2006.0,Misc,Microsoft Game Studios,0.05,0.01,0.0,0.01,0.07,,,tbd,,T
TigerShark,PS,1997.0,Simulation,GT Interactive,0.04,0.03,0.0,0.0,0.07,,,,,E
Major League Baseball 2K10,PSP,2010.0,Sports,Take-Two Interactive,0.06,0.0,0.0,0.01,0.07,,,tbd,,E
Norse by Norsewest: The Return of the Lost Vikings,PS,1997.0,Action,Interplay,0.04,0.03,0.0,0.0,0.07,,,,,E
N+,DS,2007.0,Platform,Atari,0.06,0.0,0.0,0.0,0.07,82.0,20.0,7.4,20.0,E
Titanic Mystery,DS,2010.0,Puzzle,PlayV,0.05,0.01,0.0,0.01,0.07,,,tbd,,
Backyard NFL Football '09,DS,2008.0,Sports,Atari,0.06,0.0,0.0,0.01,0.07,,,,,
Obscure,PS2,2004.0,Adventure,Microids,0.03,0.03,0.0,0.01,0.07,65.0,27.0,8.9,39.0,M
Sega Soccer Slam,GC,2002.0,Sports,Sega,0.05,0.01,0.0,0.0,0.07,84.0,22.0,7.7,7.0,Seven
Katekyoo Hitman Reborn! DS: Fate of Heat - Hono no Unmei,DS,2008.0,Role-Playing,Takara Tomy,0.0,0.0,0.07,0.0,0.07,,,,,
Shin Lucky * Star: Moe Drill ~Tabidachi~,DS,2007.0,Action,Kadokawa Shoten,0.0,0.0,0.07,0.0,0.07,,,,,
DefCon 5,PS,1995.0,Shooter,Psygnosis,0.04,0.03,0.0,0.0,0.07,,,,,E
Secret Service: Ultimate Sacrifice,PS2,2008.0,Action,Activision,0.03,0.03,0.0,0.01,0.07,,,,,
Transformer: Rise of the Dark Spark (3DS),3DS,2014.0,Role-Playing,Activision,0.05,0.01,0.0,0.01,0.07,,,,,
Deep Labyrinth,DS,2006.0,Action,505 Games,0.06,0.0,0.0,0.0,0.07,57.0,18.0,8.8,4.0,Seven
Nichibeikan Pro Yakyuu: Final League,PS2,2002.0,Sports,SquareSoft,0.0,0.0,0.07,0.0,0.07,,,,,
Spawn: Armageddon,GC,2003.0,Action,Electronic Arts,0.05,0.01,0.0,0.0,0.07,61.0,19.0,7.2,9.0,M
God Hand,PS2,2006.0,Action,Capcom,0.0,0.0,0.07,0.0,0.07,73.0,48.0,7.7,165.0,M
Shin Chan: Las Nuevas Aventuras Para Wii!,Wii,2006.0,Action,505 Games,0.0,0.0,0.07,0.0,0.07,,,,,
Junior Classic Books & Fairytales,DS,2010.0,Misc,GSP,0.05,0.01,0.0,0.01,0.07,,,,,
Legends of Wrestling II,GBA,2002.0,Fighting,Acclaim Entertainment,0.05,0.02,0.0,0.0,0.07,24.0,11.0,3.7,10.0,E
Fatal Fury: Battle Archives Volume 2,PS2,2007.0,Fighting,SNK Playmore,0.03,0.03,0.0,0.01,0.07,70.0,12.0,tbd,,Twelve
Mario Tennis,Wii,2012.0,Sports,Nintendo,0.0,0.06,0.0,0.01,0.07,,,tbd,,
Jurassic Park: Operation Genesis,XB,2003.0,Simulation,Konami Digital Entertainment,0.05,0.01,0.0,0.0,0.07,69.0,21.0,8.8,19.0,T
FIFA Soccer 06,GBA,2005.0,Sports,Electronic Arts,0.05,0.02,0.0,0.0,0.07,,,tbd,,Three
Freddi Fish: Kelp Seed Mystery,Wii,2008.0,Adventure,Majesco Entertainment,0.06,0.0,0.0,0.0,0.07,,,tbd,,E
RedCard 20-03,PS2,2002.0,Sports,Midway Games,0.03,0.03,0.0,0.01,0.07,73.0,19.0,9,6.0,E
Future Tactics: The Uprising,PS2,2004.0,Strategy,Crave Entertainment,0.03,0.03,0.0,0.01,0.07,61.0,25.0,6,6.0,T
Kanji Sonomama DS Rakubiki Jiten,DS,2006.0,Misc,Nintendo,0.0,0.0,0.07,0.0,0.07,,,,,
Driver: Parallel Lines,XB,2006.0,Racing,Atari,0.05,0.01,0.0,0.0,0.07,69.0,31.0,4.6,17.0,Eighteen
Hyperdimension Neptunia Victory,PSV,2014.0,Role-Playing,Compile Heart,0.0,0.0,0.07,0.0,0.07,,,,,
everGirl,GBA,2005.0,Adventure,THQ,0.05,0.02,0.0,0.0,0.07,,,,,E
Heroes Phantasia,PSP,2012.0,Role-Playing,Namco Bandai Games,0.0,0.0,0.07,0.0,0.07,,,,,CERO_B
Top Gun,PS3,2011.0,Simulation,505 Games,0.06,0.0,0.0,0.01,0.07,49.0,25.0,4.4,5.0,
Batman: Rise of Sin Tzu,GBA,2003.0,Action,Ubisoft,0.05,0.02,0.0,0.0,0.07,63.0,12.0,6.8,4.0,E
Chuugaku Eitango Target 1800 DS,DS,2006.0,Misc,IE Institute,0.0,0.0,0.07,0.0,0.07,,,,,
Sherlock Holmes: Crimes & Punishments,PS3,2014.0,Adventure,Focus Home Interactive,0.03,0.03,0.0,0.01,0.07,,,,,Sixteen
Basketball Hall of Fame Ultimate Hoops Challenge,Wii,2010.0,Sports,Zoo Games,0.06,0.0,0.0,0.0,0.07,,,tbd,,E
Dragon Ball Z: Battle of Z,X360,2014.0,Fighting,Namco Bandai Games,0.01,0.05,0.0,0.0,0.07,53.0,17.0,5.1,44.0,Twelve
World Racing,XB,2003.0,Racing,TDK Mediactive,0.05,0.01,0.0,0.0,0.07,56.0,14.0,8.1,8.0,E
Resident Evil 5,PC,2009.0,Action,Capcom,0.01,0.04,0.0,0.01,0.07,86.0,30.0,7.1,597.0,Eighteen
X-Men: The Official Game,GBA,2006.0,Action,Activision,0.05,0.02,0.0,0.0,0.07,55.0,9.0,9.3,6.0,E10
Disney's Party,GBA,2003.0,Misc,Hudson Entertainment,0.05,0.02,0.0,0.0,0.07,,,tbd,,
Generator Rex: Agent of Providence,DS,2011.0,Action,Activision,0.05,0.01,0.0,0.01,0.07,,,tbd,,E10
Storybook Workshop,Wii,2009.0,Misc,Konami Digital Entertainment,0.06,0.0,0.0,0.01,0.07,,,tbd,,
Command & Conquer 3: Tiberium Wars,PC,2007.0,Strategy,Electronic Arts,0.0,0.06,0.0,0.01,0.07,,,,,T
Card Games,PS,2000.0,Misc,D3Publisher,0.04,0.03,0.0,0.0,0.07,,,,,
Tropix,DS,2008.0,Puzzle,Capcom,0.06,0.0,0.0,0.0,0.07,,,,,
Mega Man: Battle & Chase,PS,1997.0,Racing,Capcom,0.0,0.0,0.06,0.0,0.07,,,,,E
Winning Post 7 2010,PS3,2010.0,Sports,Tecmo Koei,0.0,0.0,0.07,0.0,0.07,,,,,CERO_A
Build-A-Bear Workshop: Friendship Valley,Wii,2010.0,Misc,Unknown,0.06,0.0,0.0,0.0,0.07,,,tbd,,E
Pipe Mania,PSP,2008.0,Puzzle,Empire Interactive,0.06,0.0,0.0,0.01,0.07,74.0,6.0,tbd,,E
Daniel X: The Ultimate Power,DS,2010.0,Action,THQ,0.06,0.0,0.0,0.0,0.07,,,tbd,,E10
Destrega,PS,1998.0,Fighting,Sony Computer Entertainment,0.04,0.03,0.0,0.0,0.07,,,,,T
Fantasy Aquarium World,Wii,2009.0,Simulation,Destineer,0.06,0.0,0.0,0.0,0.07,,,tbd,,E
Nobunaga no Yabou: Tendou with Power-Up Kit,PS3,2011.0,Strategy,Tecmo Koei,0.0,0.0,0.07,0.0,0.07,,,,,
The Final Round,PS,1996.0,Sports,Konami Digital Entertainment,0.04,0.03,0.0,0.0,0.07,,,,,E
MAPLUS: Portable Navi,PSP,2006.0,Misc,Edia,0.0,0.0,0.07,0.0,0.07,,,,,
Rayman Arena,XB,2002.0,Racing,Unknown,0.05,0.01,0.0,0.0,0.07,50.0,7.0,tbd,,E
Order Up!!,PS3,2011.0,Action,Funbox Media,0.05,0.01,0.0,0.01,0.07,,,,,E
Reader Rabbit 1st Grade,Wii,2010.0,Misc,Graffiti,0.06,0.0,0.0,0.0,0.07,,,tbd,,
The King of Fighters 02/03,PS2,2005.0,Fighting,SNK,0.03,0.03,0.0,0.01,0.07,73.0,28.0,8.8,14.0,
Port Royale 3,X360,2012.0,Simulation,Kalypso Media,0.06,0.0,0.0,0.01,0.07,56.0,11.0,4.5,6.0,Sixteen
Port Royale 3,X360,2012.0,Simulation,Kalypso Media,0.06,0.0,0.0,0.01,0.07,56.0,11.0,4.5,6.0,Sixteen
Army Men: Green Rogue,PS,2001.0,Action,3DO,0.04,0.02,0.0,0.0,0.07,,,,,T
Centipede / Breakout / Warlords,GBA,2005.0,Misc,Zoo Digital Publishing,0.05,0.02,0.0,0.0,0.07,,,tbd,,
Lucian Bee's: Justice Yellow / Evil Violet,PS2,2010.0,Adventure,5pb,0.0,0.0,0.07,0.0,0.07,,,,,
Sly 2: Band of Thieves,PS3,2010.0,Platform,Sony Computer Entertainment,0.0,0.05,0.0,0.02,0.07,,,7.4,23.0,E10
Armored Core: Nine Breaker,PS2,2004.0,Simulation,505 Games,0.03,0.03,0.0,0.01,0.07,57.0,25.0,8.2,5.0,T
Doraemon: Nobita no Shin Makai Daibouken DS,DS,2007.0,Role-Playing,Sega,0.0,0.0,0.07,0.0,0.07,,,,,
Terraria,PS4,2014.0,Action,505 Games,0.0,0.05,0.01,0.01,0.07,83.0,4.0,7.9,47.0,Twelve
Cabela's Big Game Hunter 2005 Adventures,GC,2004.0,Sports,Activision,0.05,0.01,0.0,0.0,0.07,,,8.8,9.0,T
Worms 3D,GC,2003.0,Strategy,Sega,0.05,0.01,0.0,0.0,0.07,69.0,23.0,7.6,19.0,T
BlazBlue: Chrono Phantasma Extend,XOne,2015.0,Action,PQube,0.05,0.01,0.0,0.01,0.07,,,6.3,4.0,CERO_C
TRON: Evolution,PC,2010.0,Action,Disney Interactive Studios,0.06,0.0,0.0,0.0,0.07,57.0,11.0,6,25.0,Twelve
Pac-Man and the Ghostly Adventures 2,WiiU,2014.0,Adventure,Namco Bandai Games,0.04,0.02,0.0,0.01,0.07,,,7,9.0,Seven
Dark Souls,PC,2012.0,Role-Playing,Namco Bandai Games,0.0,0.06,0.0,0.01,0.07,,,,,Sixteen
National Geographic Challenge!,X360,2010.0,Misc,Unknown,0.06,0.0,0.0,0.0,0.07,,,,,
Gambler Densetsu Tetsuya,PS2,2001.0,Adventure,Athena,0.0,0.0,0.07,0.0,0.07,,,,,
The Guided Fate Paradox,PS3,2013.0,Role-Playing,Nippon Ichi Software,0.0,0.0,0.06,0.0,0.07,74.0,27.0,7.8,66.0,Twelve
Mayhem 3D,X360,2011.0,Racing,Evolved Games,0.06,0.0,0.0,0.0,0.07,47.0,4.0,8.6,9.0,E10
Bleach: Hanatareshi Yabou,PS2,2006.0,Role-Playing,Sony Computer Entertainment,0.0,0.0,0.07,0.0,0.07,,,,,
Karaoke Revolution Party,XB,2005.0,Misc,Konami Digital Entertainment,0.05,0.01,0.0,0.0,0.07,80.0,24.0,tbd,,E10
Alex Rider: Stormbreaker,DS,2006.0,Action,THQ,0.06,0.0,0.0,0.0,0.07,48.0,11.0,6.1,10.0,Seven
Yoake Yori Ruriiro na: Brighter than Dawning Blue,PS2,2006.0,Adventure,Aria,0.0,0.0,0.07,0.0,0.07,,,,,
Carol Vorderman's Sudoku,PSP,2006.0,Puzzle,Xplosiv,0.05,0.0,0.0,0.01,0.07,72.0,18.0,tbd,,E
Pandemonium 2,PS,1997.0,Platform,BMG Interactive Entertainment,0.04,0.02,0.0,0.0,0.07,,,,,E
Gundam Try Age SP,3DS,2014.0,Strategy,Namco Bandai Games,0.0,0.0,0.07,0.0,0.07,,,,,
WipEout HD Fury,PS3,2009.0,Racing,Sony Computer Entertainment,0.0,0.05,0.0,0.01,0.07,89.0,15.0,8.4,115.0,
Fallout: Brotherhood of Steel,PS2,2004.0,Role-Playing,Avalon Interactive,0.03,0.03,0.0,0.01,0.07,64.0,31.0,4.1,51.0,M
Dreamer Series: Pop Star,DS,2009.0,Misc,Tivola,0.04,0.02,0.0,0.01,0.07,,,tbd,,E
Penguins of Madagascar,3DS,2014.0,Action,Namco Bandai Games,0.0,0.06,0.0,0.0,0.07,51.0,4.0,tbd,,E
12-Sai. Honto no Kimochi,3DS,2014.0,Adventure,Happinet,0.0,0.0,0.07,0.0,0.07,,,,,CERO_A
Parlor! Mini 2,SNES,1996.0,Misc,Nippon Telenet,0.0,0.0,0.07,0.0,0.07,,,,,
"Flower, Sun, and Rain",DS,2008.0,Adventure,Rising Star Games,0.06,0.0,0.0,0.0,0.07,54.0,37.0,7.1,15.0,T
Gunstar Super Heroes,GBA,2005.0,Shooter,Sega,0.05,0.02,0.0,0.0,0.07,83.0,31.0,8.5,13.0,E10
C: The Contra Adventure,PS,1998.0,Shooter,Konami Digital Entertainment,0.04,0.02,0.0,0.0,0.07,,,,,T
Interactive Storybook DS Series 1,DS,2007.0,Misc,Tommo,0.06,0.0,0.0,0.0,0.07,,,tbd,,E
Frogger Advance: The Great Quest,GBA,2002.0,Action,Konami Digital Entertainment,0.05,0.02,0.0,0.0,0.07,55.0,9.0,tbd,,E
Cities XL 2012,PC,2011.0,Strategy,Focus Home Interactive,0.01,0.05,0.0,0.01,0.07,61.0,18.0,5.6,95.0,E
Worms Forts: Under Siege,XB,2004.0,Strategy,Sega,0.05,0.01,0.0,0.0,0.07,67.0,15.0,8,6.0,T
Dream C Club,X360,2009.0,Simulation,D3Publisher,0.0,0.0,0.07,0.0,0.07,,,,,
Pocky & Rocky with Becky,GBA,2001.0,Shooter,Altron,0.05,0.02,0.0,0.0,0.07,,,,,E
The Tale of Despereaux,DS,2008.0,Platform,Brash Entertainment,0.06,0.0,0.0,0.0,0.07,75.0,5.0,tbd,,E
Jam Sessions 2,DS,2009.0,Misc,Ubisoft,0.06,0.0,0.0,0.0,0.07,66.0,7.0,tbd,,
Full Spectrum Warrior: Ten Hammers,PS2,2006.0,Strategy,THQ,0.03,0.02,0.0,0.01,0.07,71.0,26.0,8,5.0,M
Streets of Rage 3,GEN,1993.0,Action,Sega,0.0,0.0,0.07,0.0,0.07,,,,,
Just Dance: Disney Party 2,X360,2015.0,Action,Ubisoft,0.05,0.01,0.0,0.01,0.07,,,tbd,,E
Natural Doctrine,PSV,2014.0,Role-Playing,Nippon Ichi Software,0.02,0.01,0.03,0.01,0.07,60.0,7.0,7.5,29.0,M
Hasbro Family Game Night Fun Pack,X360,2011.0,Misc,Electronic Arts,0.06,0.0,0.0,0.0,0.07,,,tbd,,
Pro Yaky? Spirits 4,PS3,2007.0,Sports,Konami Digital Entertainment,0.0,0.0,0.07,0.0,0.07,,,,,
Prince of Persia: The Fallen King,DS,2008.0,Action,Ubisoft,0.06,0.0,0.0,0.0,0.07,64.0,24.0,6,9.0,Seven
My Horse & Me: Riding for Gold,DS,2008.0,Sports,Atari,0.05,0.01,0.0,0.0,0.07,,,,,E
Speed Racer,PS,1996.0,Racing,Tomy Corporation,0.04,0.02,0.0,0.0,0.07,,,,,E
NHL Hitz Pro,XB,2003.0,Sports,Midway Games,0.05,0.01,0.0,0.0,0.07,81.0,23.0,8.8,12.0,E
Cardfight!! Vanguard: Lock On Victory!!,3DS,2014.0,Misc,FuRyu,0.0,0.0,0.07,0.0,0.07,,,,,
Broken Sword 5: The Serpent's Curse,PS4,2015.0,Adventure,Revolution Software,0.0,0.06,0.0,0.01,0.07,72.0,14.0,7.2,23.0,Sixteen
Alan Wake,PC,2012.0,Action,Nordic Games,0.0,0.06,0.0,0.01,0.06,83.0,30.0,8,1473.0,Sixteen
Atelier Meruru: Alchemist of Arland 3,PSV,2013.0,Role-Playing,Gust,0.0,0.0,0.06,0.0,0.06,,,,,
Hot Wheels: Burnin' Rubber,GBA,2001.0,Racing,THQ,0.05,0.02,0.0,0.0,0.06,66.0,5.0,tbd,,E
Lost in Blue 2,DS,2007.0,Adventure,Konami Digital Entertainment,0.01,0.01,0.05,0.0,0.06,58.0,29.0,tbd,,E10
Ojyousama Express,PS,1998.0,Strategy,Media Works,0.0,0.0,0.06,0.0,0.06,,,,,
Risen 3: Titan Lords,X360,2014.0,Role-Playing,Deep Silver,0.02,0.04,0.0,0.0,0.06,44.0,8.0,4.4,69.0,Sixteen
Steambot Chronicles: Battle Tournament,PSP,2008.0,Fighting,Irem Software Engineering,0.05,0.0,0.01,0.01,0.06,54.0,14.0,6.3,8.0,E10
Wings of War,XB,2004.0,Simulation,Take-Two Interactive,0.05,0.01,0.0,0.0,0.06,62.0,29.0,5,5.0,T
187: Ride or Die,XB,2005.0,Racing,Ubisoft,0.05,0.01,0.0,0.0,0.06,51.0,40.0,6.9,8.0,M
RPG Maker 3,PS2,2004.0,Role-Playing,Enterbrain,0.03,0.02,0.0,0.01,0.06,69.0,16.0,7.9,14.0,
Zatch Bell! Mamodo Battles,GC,2005.0,Fighting,Namco Bandai Games,0.05,0.01,0.0,0.0,0.06,,,,,T
Genkai Tokki Monster Monpiece,PSV,2013.0,Strategy,Idea Factory,0.0,0.0,0.06,0.0,0.06,,,,,
Desert Strike Advance,GBA,2002.0,Simulation,Electronic Arts,0.05,0.02,0.0,0.0,0.06,66.0,6.0,tbd,,
Kabuki Warriors,XB,2001.0,Action,Genki,0.05,0.01,0.0,0.0,0.06,32.0,15.0,2.5,12.0,M
Discworld,PS,1994.0,Adventure,Psygnosis,0.04,0.02,0.0,0.0,0.06,,,,,
Motion Explosion!,X360,2011.0,Misc,505 Games,0.05,0.01,0.0,0.0,0.06,,,,,E
World Poker Tour,XB,2005.0,Misc,Take-Two Interactive,0.05,0.01,0.0,0.0,0.06,63.0,17.0,7.8,4.0,T
Age of Empires III: The Asian Dynasties,PC,2007.0,Strategy,Microsoft Game Studios,0.0,0.05,0.0,0.01,0.06,81.0,19.0,8.5,71.0,T
Elite Forces: Unit 77,DS,2009.0,Strategy,Deep Silver,0.06,0.0,0.0,0.0,0.06,61.0,23.0,tbd,,
IL-2 Sturmovik: Birds of Prey,DS,2009.0,Simulation,505 Games,0.06,0.0,0.0,0.0,0.06,41.0,4.0,2.4,5.0,E10
Moshi Monsters: Katsuma Unleashed,3DS,2013.0,Action,Activision,0.03,0.03,0.0,0.01,0.06,,,tbd,,E
Pirates: The Legend of Black Kat,XB,2002.0,Adventure,Electronic Arts,0.05,0.01,0.0,0.0,0.06,74.0,16.0,tbd,,T
July,DC,1998.0,Adventure,Fortyfive,0.0,0.0,0.06,0.0,0.06,,,,,
Crime Lab: Body of Evidence,DS,2010.0,Adventure,City Interactive,0.05,0.01,0.0,0.0,0.06,53.0,13.0,tbd,,T
Disney's Chicken Little: Ace In Action,DS,2006.0,Shooter,Disney Interactive Studios,0.06,0.0,0.0,0.0,0.06,66.0,13.0,tbd,,E
ESPN Winter X-Games: Snowboarding 2002,GBA,2000.0,Sports,Konami Digital Entertainment,0.05,0.02,0.0,0.0,0.06,,,,,
Bleach: Versus Crusade,Wii,2008.0,Fighting,Sega,0.0,0.0,0.06,0.0,0.06,,,,,
Kanon,DC,2000.0,Adventure,NEC Interchannel,0.0,0.0,0.06,0.0,0.06,,,,,
NanoBreaker,PS2,2005.0,Action,Konami Digital Entertainment,0.03,0.02,0.0,0.01,0.06,51.0,38.0,6.7,11.0,
You Don't Know Jack,DS,2011.0,Misc,THQ,0.06,0.0,0.0,0.0,0.06,,,tbd,,T
Bionicle,XB,2003.0,Action,Electronic Arts,0.05,0.01,0.0,0.0,0.06,49.0,5.0,1.5,4.0,E
GRID 2,PC,2013.0,Racing,Codemasters,0.0,0.06,0.0,0.01,0.06,80.0,17.0,5.7,571.0,Three
Cabela's Trophy Bucks,Wii,2008.0,Sports,Activision Value,0.06,0.0,0.0,0.0,0.06,,,6,5.0,
Cosmos Chaos!,DS,2010.0,Misc,Mentor Interactive,0.06,0.0,0.0,0.0,0.06,,,,,E
Guitar Freaks 3rdMIX & DrumMania 2ndMIX,PS2,2000.0,Simulation,Konami Digital Entertainment,0.0,0.0,0.06,0.0,0.06,,,,,
Taiko no Tatsujin: Atsumete Tomodachi Daisakusen!,WiiU,2015.0,Misc,Namco Bandai Games,0.0,0.0,0.06,0.0,0.06,,,,,CERO_A
Criminal Girls: Invite Only,PSV,2013.0,Role-Playing,Nippon Ichi Software,0.01,0.01,0.04,0.01,0.06,55.0,31.0,6.7,37.0,Eighteen
Miami Vice: The Game,PSP,2006.0,Shooter,Activision,0.06,0.0,0.0,0.0,0.06,63.0,36.0,7,12.0,M
Samurai Warriors Chronicles 3,PSV,2014.0,Action,Tecmo Koei,0.0,0.0,0.06,0.0,0.06,70.0,9.0,7.9,14.0,Twelve
BMX XXX,GC,2002.0,Sports,Acclaim Entertainment,0.05,0.01,0.0,0.0,0.06,60.0,15.0,5,7.0,M
Disney's Magical Quest 2 Starring Mickey and Minnie,GBA,2003.0,Action,Capcom,0.05,0.02,0.0,0.0,0.06,63.0,8.0,tbd,,E
Bullet Girls,PSV,2014.0,Action,D3Publisher,0.0,0.0,0.06,0.0,0.06,,,,,
One Piece: Unlimited World Red,WiiU,2014.0,Action,Namco Bandai Games,0.0,0.04,0.02,0.0,0.06,66.0,11.0,7.8,43.0,T
Aggressive Inline,XB,2002.0,Sports,Acclaim Entertainment,0.05,0.01,0.0,0.0,0.06,85.0,20.0,7.7,7.0,T
Ikki Tousen: Xross Impact,PSP,2010.0,Action,Marvelous Interactive,0.0,0.0,0.06,0.0,0.06,,,,,CERO_C
Smart Boy's Toys Club,DS,2008.0,Misc,505 Games,0.06,0.0,0.0,0.0,0.06,,,tbd,,
Insecticide,DS,2008.0,Action,Gamecock,0.06,0.0,0.0,0.0,0.06,55.0,23.0,7,5.0,E10
Super Mahjong 2: Honkaku 4Jin Uchi,SNES,1993.0,Misc,Imax,0.0,0.0,0.06,0.0,0.06,,,,,
XGRA: Extreme G Racing Association,PS2,2003.0,Racing,Acclaim Entertainment,0.03,0.02,0.0,0.01,0.06,68.0,23.0,8.6,8.0,T
Mitsukete! Keroro Gunsou: Machigai Sagashi Daisakusen de Arimasu!,DS,2007.0,Action,Namco Bandai Games,0.0,0.0,0.06,0.0,0.06,,,,,
Family Trainer: Treasure Adventure,Wii,2010.0,Sports,Namco Bandai Games,0.0,0.05,0.0,0.01,0.06,,,,,
Pop'n Music Portable 2,PSP,2011.0,Misc,Konami Digital Entertainment,0.0,0.0,0.06,0.0,0.06,,,,,
Kamen Rider: Dragon Knight,Wii,2009.0,Fighting,D3Publisher,0.06,0.0,0.0,0.0,0.06,,,tbd,,T
Darksiders II,XOne,2015.0,Action,Nordic Games,0.04,0.02,0.0,0.01,0.06,,,,,M
Ys vs. Sora no Kiseki: Alternative Saga,PSP,2010.0,Fighting,Falcom Corporation,0.0,0.0,0.06,0.0,0.06,,,,,CERO_B
Naruto: Ultimate Ninja Heroes (JP sales),PSP,2006.0,Fighting,Namco Bandai Games,0.0,0.0,0.06,0.0,0.06,,,,,
Akagawa Jirou Mystery: Yasoukyoku - Hon ni Manekareta Satsujin,DS,2008.0,Adventure,Marvelous Interactive,0.0,0.0,0.06,0.0,0.06,,,,,
Ray Tracers,PS,1997.0,Racing,Sony Computer Entertainment,0.04,0.02,0.0,0.0,0.06,,,,,
Mario vs. Donkey Kong: Tipping Stars,3DS,2015.0,Puzzle,Nintendo,0.0,0.0,0.06,0.0,0.06,70.0,15.0,7.5,48.0,E
Tournament of Legends,Wii,2010.0,Fighting,Sega,0.04,0.02,0.0,0.01,0.06,45.0,38.0,6.9,11.0,Sixteen
Frogger: Helmet Chaos,DS,2005.0,Platform,Konami Digital Entertainment,0.06,0.0,0.0,0.0,0.06,69.0,10.0,tbd,,E
Escape from Bug Island,Wii,2006.0,Action,Eidos Interactive,0.04,0.01,0.01,0.0,0.06,37.0,13.0,5,25.0,M
Nicola Kanshuu: Model * Oshare Audition,DS,2010.0,Misc,Alchemist,0.0,0.0,0.06,0.0,0.06,,,,,
Hisshou Pachinko*Pachi-Slot Kouryaku Series Vol. 14: CR Shinseiki Evangelion: Saigo no Mono,PS2,2009.0,Misc,D3Publisher,0.0,0.0,0.06,0.0,0.06,,,,,
Cold Stone Creamery: Scoop It Up,Wii,2009.0,Misc,Zoo Games,0.06,0.0,0.0,0.0,0.06,,,tbd,,
My Pet Shop,DS,2008.0,Simulation,Square Enix,0.06,0.0,0.0,0.0,0.06,60.0,10.0,tbd,,E
James Bond 007: Blood Stone,DS,2010.0,Shooter,Activision,0.05,0.01,0.0,0.0,0.06,70.0,10.0,tbd,,T
Kururin Paradise,GBA,2002.0,Puzzle,Unknown,0.0,0.0,0.06,0.0,0.06,,,,,CERO_A
Gradius Collection,PSP,2006.0,Shooter,Konami Digital Entertainment,0.04,0.0,0.02,0.0,0.06,76.0,44.0,8.5,4.0,Three
Kiniro no Corda 2,PS2,2007.0,Role-Playing,Tecmo Koei,0.0,0.0,0.06,0.0,0.06,,,,,CERO_A
Dynasty Warriors Vs,3DS,2012.0,Action,Ackkstudios,0.0,0.0,0.06,0.0,0.06,,,,,CERO_B
Fist of the North Star: Ken's Rage 2,X360,2012.0,Fighting,Tecmo Koei,0.03,0.01,0.02,0.0,0.06,55.0,18.0,7.1,20.0,M
Gallop Racer 2004,PS2,2004.0,Sports,Zoo Digital Publishing,0.03,0.02,0.0,0.01,0.06,70.0,15.0,8.7,12.0,E
Sunrise Eiyuutan R,PS2,2000.0,Role-Playing,Sunrise Interactive,0.0,0.0,0.06,0.0,0.06,,,,,
Rayman: Hoodlum's Revenge,GBA,2005.0,Platform,Ubisoft,0.05,0.02,0.0,0.0,0.06,61.0,12.0,tbd,,E
Mobile Suit Gundam Seed: Never Ending Tomorrow,PS2,2004.0,Shooter,Namco Bandai Games,0.03,0.02,0.0,0.01,0.06,45.0,16.0,7.8,10.0,
F1 2001,XB,2001.0,Racing,Electronic Arts,0.05,0.01,0.0,0.0,0.06,83.0,11.0,5.5,8.0,E
Utawarerumono: Futari no Hakuoro,PSV,2016.0,Misc,Aqua Plus,0.0,0.0,0.06,0.0,0.06,,,,,Sixteen
Fishing Master (jp sales),Wii,2007.0,Sports,Konami Digital Entertainment,0.0,0.0,0.06,0.0,0.06,,,,,
OK! Puzzle Stars,DS,2010.0,Puzzle,Ubisoft,0.0,0.06,0.0,0.01,0.06,,,,,
Zill O'll Infinite Plus,PSP,2009.0,Role-Playing,Tecmo Koei,0.0,0.0,0.06,0.0,0.06,,,,,CERO_B
Tonka Rescue Patrol,GC,2003.0,Action,TDK Mediactive,0.05,0.01,0.0,0.0,0.06,,,,,E
GunGriffon II,SAT,1998.0,Simulation,ESP,0.0,0.0,0.06,0.0,0.06,,,,,
Crimson Gem Saga,PSP,2008.0,Role-Playing,Sega,0.06,0.0,0.0,0.0,0.06,78.0,20.0,7.5,30.0,T
Monster Tale,DS,2011.0,Platform,Majesco Entertainment,0.06,0.0,0.0,0.0,0.06,79.0,15.0,8,15.0,E
Legend of the Dragon,Wii,2007.0,Fighting,Game Factory,0.06,0.0,0.0,0.0,0.06,37.0,14.0,4.8,5.0,T
Cel Damage,GC,2002.0,Racing,Electronic Arts,0.05,0.01,0.0,0.0,0.06,67.0,12.0,6.8,11.0,T
Backyard Hockey,DS,2007.0,Sports,Atari,0.06,0.0,0.0,0.0,0.06,,,tbd,,E
Famicom Mini: Balloon Fight,GBA,2004.0,Action,Nintendo,0.0,0.0,0.06,0.0,0.06,,,,,
Steins;Gate: Senkei Kousoku no Phonogram,PS3,2013.0,Adventure,5pb,0.0,0.0,0.06,0.0,0.06,,,,,
Seaman 2: Peking Genjin Ikusei Kit,PS2,2007.0,Simulation,Sega,0.0,0.0,0.06,0.0,0.06,,,,,
Chou Gekijouban Keroro Gunsou 3: Tenkuu Daibouken de Arimasu!,DS,2008.0,Action,Namco Bandai Games,0.0,0.0,0.06,0.0,0.06,,,,,
Sprung - A Game Where Everyone Scores,DS,2004.0,Adventure,Ubisoft,0.06,0.0,0.0,0.0,0.06,,,,,
Mirror's Edge Catalyst,PC,2016.0,Platform,Electronic Arts,0.01,0.05,0.0,0.0,0.06,74.0,24.0,4.4,606.0,CERO_C
The Pinball of the Dead,GBA,2002.0,Misc,Sega,0.05,0.02,0.0,0.0,0.06,79.0,20.0,tbd,,T
Growlanser IV: Over Reloaded,PSP,2011.0,Role-Playing,Atlus,0.0,0.0,0.06,0.0,0.06,,,,,
Arc the Lad: End of Darkness,PS2,2004.0,Role-Playing,Sony Computer Entertainment,0.03,0.02,0.0,0.01,0.06,59.0,24.0,4.2,10.0,
The King of Route 66,PS2,2003.0,Racing,Sega,0.03,0.02,0.0,0.01,0.06,57.0,21.0,tbd,,Twelve
Tom Clancy's Splinter Cell: Pandora Tomorrow,GBA,2004.0,Action,Ubisoft,0.05,0.02,0.0,0.0,0.06,68.0,19.0,6.2,6.0,Seven
Western Riding Academy,DS,2010.0,Simulation,Destineer,0.06,0.0,0.0,0.0,0.06,,,tbd,,
Bubble Bobble also featuring Rainbow Islands,PS,1995.0,Puzzle,Acclaim Entertainment,0.04,0.02,0.0,0.0,0.06,,,,,
Intellivision Lives!,GC,2004.0,Misc,Crave Entertainment,0.05,0.01,0.0,0.0,0.06,,,,,E
Tokobot,PSP,2005.0,Platform,Take-Two Interactive,0.06,0.0,0.0,0.0,0.06,72.0,30.0,7.3,8.0,
Monster Madness: Grave Danger,PS3,2008.0,Shooter,SouthPeak Games,0.05,0.0,0.0,0.01,0.06,55.0,25.0,tbd,,T
Panzer Tactics,DS,2007.0,Strategy,10TACLE Studios,0.06,0.0,0.0,0.0,0.06,,,,,E10
Pro Yaky? Spirits 2013,PSV,2013.0,Sports,Konami Digital Entertainment,0.0,0.0,0.06,0.0,0.06,,,,,
Robotica,SAT,1994.0,Shooter,Sega,0.0,0.0,0.06,0.0,0.06,,,,,
Super Robot Wars OG: The Moon Dwellers,PS3,2016.0,Misc,Namco Bandai Games,0.0,0.0,0.06,0.0,0.06,,,,,
Deathrow: Underground Team Combat,XB,2002.0,Sports,Ubisoft,0.05,0.01,0.0,0.0,0.06,,,,,
The Amazing Spider-Man 2 (2014),3DS,2014.0,Action,Activision,0.03,0.03,0.0,0.01,0.06,,,,,
Paws & Claws: Marine Rescue,DS,2011.0,Simulation,THQ,0.06,0.0,0.0,0.0,0.06,,,,,E
Land of the Dead: Road to Fiddler's Green,XB,2005.0,Shooter,Groove Games,0.05,0.01,0.0,0.0,0.06,32.0,9.0,5.8,10.0,M
Odin Sphere: Leifthrasir,PS3,2016.0,Role-Playing,Nippon Ichi Software,0.02,0.01,0.03,0.01,0.06,,,7,29.0,Twelve
R-Types,PS,1998.0,Shooter,Virgin Interactive,0.04,0.02,0.0,0.0,0.06,,,,,E
Star Fighter,PS,1995.0,Shooter,Telstar,0.04,0.02,0.0,0.0,0.06,,,,,
Game Center CX: 3-Choume no Arino,3DS,2014.0,Action,Namco Bandai Games,0.0,0.0,0.06,0.0,0.06,,,,,
Assetto Corsa,PS4,2016.0,Racing,505 Games,0.0,0.05,0.0,0.01,0.06,73.0,35.0,6.2,70.0,Three
NHL 2K9,Wii,2008.0,Sports,Take-Two Interactive,0.06,0.0,0.0,0.0,0.06,65.0,11.0,5.4,19.0,E10
Kuukan * Zukei: Hirameki Training - KuuTore,DS,2008.0,Misc,Benesse,0.0,0.0,0.06,0.0,0.06,,,,,
Osu! Tatakae! Ouendan,DS,2005.0,Misc,Nintendo,0.0,0.0,0.06,0.0,0.06,,,,,
Dissidia: Final Fantasy Universal Tuning,PSP,2009.0,Fighting,Square Enix,0.0,0.0,0.06,0.0,0.06,,,,,
Fast Food Panic,Wii,2009.0,Simulation,Nobilis,0.06,0.0,0.0,0.0,0.06,57.0,6.0,tbd,,E
"Warhammer 40,000: Squad Command",DS,2007.0,Strategy,THQ,0.05,0.01,0.0,0.01,0.06,57.0,21.0,7.9,16.0,T
Johnny Test,DS,2011.0,Platform,505 Games,0.06,0.0,0.0,0.0,0.06,,,0.9,7.0,E
One Piece: Burning Blood,XOne,2016.0,Fighting,Namco Bandai Games,0.03,0.02,0.0,0.01,0.06,60.0,10.0,5.8,12.0,T
TrackMania Turbo,XOne,2016.0,Action,Ubisoft,0.02,0.04,0.0,0.0,0.06,76.0,12.0,7.7,27.0,Three
Pro Evolution Soccer 2015,PC,2014.0,Sports,Konami Digital Entertainment,0.0,0.06,0.0,0.0,0.06,82.0,8.0,5.8,173.0,Three
Jewels of the Ages,DS,2011.0,Puzzle,City Interactive,0.03,0.02,0.0,0.01,0.06,,,tbd,,E
Meitantei Conan: Aoki Houseki no Rinbukyoku,DS,2011.0,Adventure,Namco Bandai Games,0.0,0.0,0.06,0.0,0.06,,,,,
The Legend of Heroes: Trails in the Sky Second Chapter,PSP,2007.0,Role-Playing,Falcom Corporation,0.0,0.0,0.06,0.0,0.06,,,,,Twelve
Zero Escape: Zero Time Dilemma,PSV,2016.0,Adventure,Aksys Games,0.03,0.0,0.02,0.01,0.06,83.0,31.0,8.3,116.0,Eighteen
Bionicle Heroes,DS,2006.0,Shooter,Eidos Interactive,0.06,0.0,0.0,0.0,0.06,72.0,11.0,6.4,15.0,T
Mystic Heroes,PS2,2002.0,Action,Tecmo Koei,0.03,0.02,0.0,0.01,0.06,67.0,7.0,8.6,14.0,T
Tron 2.0: Killer App,GBA,2004.0,Action,Disney Interactive Studios,0.04,0.02,0.0,0.0,0.06,68.0,16.0,tbd,,E
Jurassic Park III: Park Builder,GBA,2001.0,Simulation,Konami Digital Entertainment,0.04,0.02,0.0,0.0,0.06,65.0,5.0,8,5.0,E
Unchained Blades ,PSP,2011.0,Role-Playing,FuRyu,0.0,0.0,0.06,0.0,0.06,61.0,8.0,7.5,15.0,T
NHL Legacy,X360,2015.0,Action,Electronic Arts,0.06,0.0,0.0,0.01,0.06,,,,,Twelve
Rurouni Kenshin: Meiji Kenkaku Romantan Saisen,PSP,2011.0,Fighting,Namco Bandai Games,0.0,0.0,0.06,0.0,0.06,,,,,
Santa Claus Is Comin' to Town!,DS,2011.0,Puzzle,Crave Entertainment,0.06,0.0,0.0,0.0,0.06,,,,,
Disney Infinity 2.0: Marvel Super Heroes,PSV,2015.0,Action,Disney Interactive Studios,0.0,0.05,0.0,0.01,0.06,,,,,Seven
Octomania,Wii,2007.0,Puzzle,Midas Interactive Entertainment,0.06,0.0,0.0,0.0,0.06,66.0,9.0,tbd,,E
Godzilla (2014),PS3,2014.0,Action,Namco Bandai Games,0.0,0.0,0.06,0.0,0.06,,,,,
Code Geass: Hangyaku no Lelouch - Lost Colors,PS2,2008.0,Adventure,Namco Bandai Games,0.0,0.0,0.06,0.0,0.06,,,,,
Showtime Championship Boxing,Wii,2007.0,Fighting,Zoo Digital Publishing,0.06,0.0,0.0,0.0,0.06,35.0,7.0,4.7,10.0,
LEGO Bionicle,GBA,2001.0,Platform,LEGO Media,0.04,0.02,0.0,0.0,0.06,,,tbd,,E
Ansatsu Kyoushitsu: Assassin Ikusei Keikaku!!,3DS,2016.0,Action,Namco Bandai Games,0.0,0.0,0.06,0.0,0.06,,,,,
Power Shovel,PS,2000.0,Action,JVC,0.03,0.02,0.0,0.0,0.06,,,,,
Bomberman Land,PSP,2007.0,Misc,Hudson Entertainment,0.06,0.0,0.0,0.0,0.06,55.0,14.0,7.8,4.0,CERO_A
A llI S.V.: A Ressha de Gyoukou 3 Super Version,SNES,1995.0,Simulation,Pack-In-Video,0.0,0.0,0.06,0.0,0.06,,,,,
My Pet Chimp,DS,2010.0,Simulation,505 Games,0.06,0.0,0.0,0.0,0.06,,,tbd,,
Generator Rex: Agent of Providence,X360,2011.0,Action,Activision,0.05,0.01,0.0,0.0,0.06,,,4,6.0,E10
Chrysler Classic Racing,Wii,2008.0,Racing,Zoo Games,0.06,0.0,0.0,0.0,0.06,40.0,4.0,tbd,,E
Spy Games: Elevator Mission,Wii,2007.0,Shooter,Tommo,0.06,0.0,0.0,0.0,0.06,,,tbd,,T
The Book of Unwritten Tales: The Critter Chronicles,PC,2011.0,Action,Crimson Cow,0.0,0.05,0.0,0.01,0.06,,,,,
Steins;Gate,PS3,2012.0,Adventure,PQube,0.01,0.02,0.02,0.01,0.06,83.0,8.0,8.7,51.0,
Nights of Azure,PS4,2015.0,Action,Tecmo Koei,0.03,0.02,0.0,0.01,0.06,67.0,40.0,7.6,71.0,Twelve
Strike Force Bowling,GC,2005.0,Sports,Crave Entertainment,0.05,0.01,0.0,0.0,0.06,47.0,4.0,tbd,,
Age of Empires Online,PC,2011.0,Strategy,Microsoft Game Studios,0.01,0.04,0.0,0.01,0.06,70.0,44.0,5.6,186.0,Twelve
Earth Defense Force 2017 Portable,PSV,2012.0,Action,D3Publisher,0.0,0.0,0.06,0.0,0.06,68.0,36.0,7.9,31.0,Twelve
Atelier Iris 2: The Azoth Of Destiny,PS2,2005.0,Role-Playing,Tecmo Koei,0.03,0.02,0.0,0.01,0.06,68.0,34.0,7.8,14.0,Twelve
Spy Fox in Dry Cereal,Wii,2008.0,Adventure,Majesco Entertainment,0.06,0.0,0.0,0.0,0.06,,,tbd,,Three
There,PS,2002.0,Simulation,Infogrames,0.03,0.02,0.0,0.0,0.06,,,,,
Tokimeki no Houkago,PS,1998.0,Misc,Konami Digital Entertainment,0.0,0.0,0.06,0.0,0.06,,,,,
Championship Surfer,PS,2000.0,Sports,Mattel Interactive,0.03,0.02,0.0,0.0,0.06,57.0,5.0,tbd,,E
Zumba Fitness Core,Wii,2012.0,Misc,505 Games,0.0,0.06,0.0,0.01,0.06,,,tbd,,E10
Lego Batman 3: Beyond Gotham,PC,2014.0,Action,Warner Bros. Interactive Entertainment,0.0,0.06,0.0,0.0,0.06,,,6.8,21.0,Seven
Di-Gata Defenders,DS,2008.0,Role-Playing,Game Factory,0.06,0.0,0.0,0.0,0.06,,,tbd,,E
Monster Garage,XB,2004.0,Strategy,Activision Value,0.05,0.01,0.0,0.0,0.06,38.0,5.0,tbd,,T
ZhuZhu Pets: Quest for Zhu,DS,2011.0,Misc,Activision,0.06,0.0,0.0,0.0,0.06,,,tbd,,
Akai Katana Shin,X360,2011.0,Shooter,Cave,0.04,0.0,0.01,0.0,0.06,,,,,
A-Train: City Simulator,3DS,2014.0,Simulation,ArtDink,0.0,0.0,0.06,0.0,0.06,65.0,4.0,tbd,,E10
Tecmo Classic Arcade,XB,2005.0,Misc,Microsoft Game Studios,0.05,0.01,0.0,0.0,0.06,55.0,26.0,tbd,,E
2 Games in 1: Sonic Pinball Party & Columns Crown,GBA,2005.0,Misc,Sega,0.04,0.02,0.0,0.0,0.06,,,,,Three
Mad Maestro!,PS2,2001.0,Misc,Eidos Interactive,0.03,0.02,0.0,0.01,0.06,,,,,E
Densha De Go! 3 Tsuukinhen,PS2,2001.0,Simulation,Taito,0.0,0.0,0.06,0.0,0.06,,,,,
Biker Mice From Mars,PS2,2006.0,Racing,Game Factory,0.03,0.02,0.0,0.01,0.06,27.0,4.0,tbd,,E10
From The Abyss,DS,2008.0,Role-Playing,Nobilis,0.06,0.0,0.0,0.0,0.06,59.0,9.0,8,5.0,E
Jewel Quest IV: Heritage,DS,2011.0,Puzzle,iWin,0.0,0.05,0.0,0.01,0.06,,,tbd,,
Daito Giken Koushiki Pachi-Slot Simulator: Ossu! Banchou Portable,PSP,2006.0,Misc,Daito,0.0,0.0,0.06,0.0,0.06,,,,,
Sudoku Ball Detective,DS,2009.0,Puzzle,Playlogic Game Factory,0.06,0.0,0.0,0.0,0.06,54.0,6.0,tbd,,E10
The LEGO Movie Videogame,PC,2014.0,Action,Warner Bros. Interactive Entertainment,0.02,0.04,0.0,0.0,0.06,68.0,7.0,6.8,33.0,Seven
DuckTales: Remastered,WiiU,2013.0,Action,Capcom,0.06,0.0,0.0,0.01,0.06,76.0,10.0,7.9,100.0,Seven
Giants: Citizen Kabuto,PS2,2001.0,Shooter,Interplay,0.03,0.02,0.0,0.01,0.06,79.0,15.0,6.9,8.0,T
Steins;Gate,X360,2009.0,Adventure,5pb,0.0,0.0,0.06,0.0,0.06,,,,,Sixteen
Crayon Shin-chan: Arashi o Yobu Kasukabe Eiga Stars!,3DS,2014.0,Adventure,Namco Bandai Games,0.0,0.0,0.06,0.0,0.06,,,,,
Star Wars Knights of the Old Republic II: The Sith Lords,PC,2005.0,Role-Playing,LucasArts,0.01,0.04,0.0,0.01,0.06,,,,,Twelve
MX vs. ATV Supercross,X360,2014.0,Racing,Nordic Games,0.03,0.02,0.0,0.01,0.06,48.0,10.0,4.8,14.0,E
Grand Kingdom,PSV,2015.0,Role-Playing,Nippon Ichi Software,0.01,0.01,0.04,0.01,0.06,76.0,11.0,8.8,33.0,Twelve
Risen 3: Titan Lords,PS4,2015.0,Role-Playing,Deep Silver,0.0,0.05,0.0,0.01,0.06,,,,,M
Guilty Gear XX Accent Core Plus,PS2,2008.0,Fighting,PQube,0.03,0.02,0.0,0.01,0.06,,,8,7.0,GRAC_Twelve
LEGO Batman: The Videogame,PC,2008.0,Action,Warner Bros. Interactive Entertainment,0.02,0.03,0.0,0.01,0.06,80.0,15.0,7.8,61.0,Seven
LEGO Batman: The Videogame,PC,2008.0,Action,Warner Bros. Interactive Entertainment,0.02,0.03,0.0,0.01,0.06,80.0,15.0,7.8,61.0,Seven
Alone in the Dark,PS2,2008.0,Adventure,Atari,0.03,0.02,0.0,0.01,0.06,47.0,10.0,5.4,24.0,M
Muppets Party Cruise,PS2,2003.0,Misc,TDK Mediactive,0.03,0.02,0.0,0.01,0.06,61.0,11.0,8,6.0,E
Higurashi Daybreak Portable,PSP,2008.0,Adventure,Alchemist,0.0,0.0,0.06,0.0,0.06,,,,,CERO_B
Shonen Jump's One Piece: Grand Battle,GC,2005.0,Fighting,Namco Bandai Games,0.05,0.01,0.0,0.0,0.06,,,,,
Transformer: Rise of the Dark Spark,WiiU,2014.0,Action,Activision,0.04,0.01,0.0,0.01,0.06,,,,,Twelve
Barbie Horse Adventures: Wild Horse Rescue,XB,2003.0,Sports,Vivendi Games,0.05,0.01,0.0,0.0,0.06,,,,,E
Blast Lacrosse,PS,2001.0,Sports,Acclaim Entertainment,0.03,0.02,0.0,0.0,0.06,,,,,E
Kikou Heidan J-Phoenix,PS2,2001.0,Action,Takara,0.0,0.0,0.06,0.0,0.06,,,,,
Backyard NFL Football '10,PS2,2009.0,Sports,Atari,0.03,0.02,0.0,0.01,0.06,,,,,
DreamWorks Super Star Kartz,X360,2011.0,Racing,Activision,0.05,0.01,0.0,0.0,0.06,,,tbd,,E
Earth Defense Force 4.1: The Shadow of New Despair,PS4,2015.0,Shooter,Xseed Games,0.03,0.02,0.0,0.01,0.06,64.0,40.0,7.9,51.0,Twelve
Legend of Kay,DS,2010.0,Action,JoWood Productions,0.06,0.0,0.0,0.0,0.06,,,tbd,,Three
Shonen Jump's Shaman King: Legacy of the Spirits - Soaring Hawk/Sprinting Wolf,GBA,2005.0,Action,Konami Digital Entertainment,0.04,0.02,0.0,0.0,0.06,,,,,
Bubble Bobble: Old & New,GBA,2002.0,Puzzle,Empire Interactive,0.04,0.02,0.0,0.0,0.06,,,,,
Speed,Wii,2010.0,Racing,Unknown,0.04,0.02,0.0,0.01,0.06,,,tbd,,E
Naruto Shippuden: Gekito Ninja Taisen! Special,Wii,2010.0,Fighting,Takara Tomy,0.0,0.0,0.06,0.0,0.06,,,,,
Jissen Pachislot Secrets! Fist of the North Star F - Seikimatsu Kyuuseishu Densetsu,PS3,2012.0,Action,Sega,0.0,0.0,0.06,0.0,0.06,,,,,
Kekkon: Marriage,SAT,1995.0,Adventure,Shogakukan,0.0,0.0,0.06,0.0,0.06,,,,,
KimiKiss,PS2,2006.0,Adventure,Enterbrain,0.0,0.0,0.06,0.0,0.06,,,,,
Nicola Kanshuu: Model * Oshare Audition 2,3DS,2011.0,Action,Alchemist,0.0,0.0,0.06,0.0,0.06,,,,,
Cold Fear,XB,2005.0,Action,Ubisoft,0.05,0.01,0.0,0.0,0.06,71.0,41.0,7.6,20.0,Eighteen
Imagine: Gymnast,DS,2008.0,Simulation,Ubisoft,0.05,0.01,0.0,0.0,0.06,,,tbd,,
Hisshou Pachinko*Pachi-Slot Kouryaku Series Portable Vol. 1: Shinseiki Evangelion - Tamashii no Kiseki,PSP,2010.0,Misc,D3Publisher,0.0,0.0,0.06,0.0,0.06,,,,,
Challenge Me: Brain Puzzles,DS,2009.0,Puzzle,Oxygen Interactive,0.06,0.0,0.0,0.0,0.06,65.0,6.0,tbd,,E
Shining Force Feather,DS,2009.0,Strategy,Sega,0.0,0.0,0.06,0.0,0.06,,,,,
The Technomancer,PS4,2016.0,Role-Playing,Focus Home Interactive,0.02,0.04,0.0,0.01,0.06,60.0,38.0,6.7,116.0,Sixteen
Kurupoto Cool Cool Stars,DS,2007.0,Action,Starfish,0.06,0.0,0.0,0.0,0.06,,,tbd,,E
Attack on Titan (KOEI),PS3,2016.0,Action,Tecmo Koei,0.0,0.0,0.06,0.0,0.06,,,,,
Cocoto Kart Racer,Wii,2008.0,Racing,Conspiracy Entertainment,0.06,0.0,0.0,0.0,0.06,,,tbd,,E
Mobile Suit Gundam 00: Gundam Meisters,PS2,2008.0,Action,Namco Bandai Games,0.0,0.0,0.06,0.0,0.06,,,,,
Imagine: Cheerleader,DS,2009.0,Simulation,Ubisoft,0.06,0.0,0.0,0.0,0.06,,,tbd,,E
Nazotoki Battle Tore! Densetsu no Makyuu o Fukkatsu Saseyo! ,3DS,2014.0,Action,Namco Bandai Games,0.0,0.0,0.06,0.0,0.06,,,,,
Theme Park,DS,2007.0,Simulation,Electronic Arts,0.0,0.02,0.03,0.0,0.06,72.0,15.0,7.6,14.0,E
Call of Cthulhu: Dark Corners of the Earth,XB,2005.0,Adventure,Take-Two Interactive,0.05,0.01,0.0,0.0,0.06,77.0,51.0,8.1,37.0,M
The Great Escape,XB,2003.0,Action,SCi,0.05,0.01,0.0,0.0,0.06,55.0,24.0,tbd,,T
Blur,PC,2010.0,Racing,Activision,0.01,0.04,0.0,0.01,0.06,81.0,24.0,7.4,177.0,Seven
Super Robot Wars OG Saga Masou Kishin F: Coffin of the End,PS3,2014.0,Strategy,Namco Bandai Games,0.0,0.0,0.06,0.0,0.06,,,,,
The Next BIG Thing,PC,2011.0,Adventure,Focus Home Interactive,0.0,0.05,0.0,0.01,0.06,75.0,30.0,7.9,35.0,Twelve
Metal Gear Solid: Social Ops,PS2,2002.0,Action,Konami Digital Entertainment,0.03,0.02,0.0,0.01,0.06,,,,,
Minna no DS Seminar: Kanpeki Eitango Ryoku,DS,2006.0,Misc,TDK Core,0.0,0.0,0.06,0.0,0.06,,,,,
Kirarin * Revolution: Minna de Odorou Furi Furi Debut!,DS,2008.0,Simulation,Konami Digital Entertainment,0.0,0.0,0.06,0.0,0.06,,,,,CERO_A
PenPen TriIceLon,DC,1998.0,Racing,Infogrames,0.0,0.0,0.06,0.0,0.06,,,,,E
Salt Lake 2002,GBA,2002.0,Sports,Ubisoft,0.04,0.02,0.0,0.0,0.06,55.0,7.0,tbd,,E
SBK 2011: FIM Superbike World Championship,X360,2011.0,Racing,Black Bean Games,0.0,0.05,0.0,0.01,0.06,,,,,
DropCast,DS,2008.0,Puzzle,THQ,0.06,0.0,0.0,0.0,0.06,66.0,4.0,tbd,,E
Alien Syndrome,Wii,2007.0,Role-Playing,Sega,0.05,0.0,0.0,0.0,0.06,48.0,24.0,7.1,23.0,T
Vexx,GC,2003.0,Platform,Acclaim Entertainment,0.05,0.01,0.0,0.0,0.06,71.0,22.0,7.3,6.0,T
Crazy Chicken Tales,Wii,2009.0,Action,Conspiracy Entertainment,0.06,0.0,0.0,0.0,0.06,,,tbd,,Twelve
Hagane no Renkinjutsushi - Fullmetal Alchemist: Yakusoku no Hi e,PSP,2010.0,Action,Namco Bandai Games,0.0,0.0,0.06,0.0,0.06,,,,,
Mega Man Battle Network 5: Double Team DS (US sales),DS,2005.0,Role-Playing,Nintendo,0.06,0.0,0.0,0.0,0.06,,,,,
Attack on Titan (KOEI),XOne,2016.0,Action,Tecmo Koei,0.02,0.03,0.0,0.0,0.06,,,,,
Batman: Rise of Sin Tzu,GC,2003.0,Action,Ubisoft,0.05,0.01,0.0,0.0,0.06,63.0,17.0,tbd,,T
Secret Files: Tunguska,Wii,2008.0,Adventure,Koch Media,0.04,0.01,0.0,0.0,0.06,65.0,12.0,7.6,8.0,
EverQuest II: Destiny of Velious,PC,2011.0,Role-Playing,Sony Online Entertainment,0.06,0.0,0.0,0.0,0.06,,,7.4,5.0,T
Unreal Tournament III,PC,2007.0,Shooter,Midway Games,0.0,0.05,0.0,0.01,0.06,83.0,41.0,8,523.0,Eighteen
Disney Sports Skateboarding,GC,2002.0,Sports,Konami Digital Entertainment,0.05,0.01,0.0,0.0,0.06,36.0,7.0,4.7,6.0,E
Summon Night 6: Lost Borders,PSV,2016.0,Action,Namco Bandai Games,0.0,0.0,0.06,0.0,0.06,,,,,T
Summon Night 2,DS,2008.0,Role-Playing,Namco Bandai Games,0.0,0.0,0.06,0.0,0.06,,,,,CERO_A
Chou Soujuu Mecha MG,DS,2006.0,Simulation,,0.0,0.0,0.06,0.0,0.06,,,,,CERO_A
Pro Evolution Soccer 2012,PS2,2011.0,Action,Konami Digital Entertainment,0.0,0.0,0.06,0.0,0.06,,,8.2,11.0,
Grey's Anatomy: The Video Game,Wii,2009.0,Adventure,Ubisoft,0.05,0.01,0.0,0.0,0.06,65.0,4.0,tbd,,T
Terminator 3: The Redemption,XB,2004.0,Shooter,Atari,0.05,0.01,0.0,0.0,0.06,66.0,38.0,8.6,5.0,T
Arkanoid DS,DS,2007.0,Puzzle,Square Enix,0.06,0.0,0.0,0.0,0.06,61.0,29.0,7,5.0,
Call of Duty 2,PC,2005.0,Shooter,Activision,0.0,0.05,0.0,0.01,0.06,86.0,64.0,8.4,626.0,Sixteen
Big Bang Mini,DS,2009.0,Shooter,SouthPeak Games,0.05,0.0,0.0,0.0,0.06,78.0,39.0,8.2,26.0,E
Rurouni Kenshin: Meiji Kenyaku Romantan - Kansen,PSP,2012.0,Action,Namco Bandai Games,0.0,0.0,0.06,0.0,0.06,,,,,
Chevrolet Camaro: Wild Ride,Wii,2010.0,Racing,Storm City Games,0.06,0.0,0.0,0.0,0.06,,,tbd,,E
Genkai Tokki: Moero Crystal,PSV,2015.0,Role-Playing,Compile Heart,0.0,0.0,0.06,0.0,0.06,,,,,
Project Setsuna,PS4,2016.0,Role-Playing,Square Enix,0.0,0.0,0.06,0.0,0.06,,,,,E10
Serious Sam II,XB,2005.0,Shooter,Take-Two Interactive,0.05,0.01,0.0,0.0,0.06,72.0,34.0,6.7,11.0,M
Neon Genesis Evangelion,N64,1999.0,Adventure,Namco Bandai Games,0.0,0.0,0.06,0.0,0.06,,,,,
Song of the Deep,XOne,2016.0,Action,Insomniac Games,0.05,0.0,0.0,0.01,0.06,66.0,12.0,6.9,20.0,E
JoJo's Bizarre Adventure: All Star Battle,3DS,2012.0,Fighting,Take-Two Interactive,0.06,0.0,0.0,0.0,0.06,,,,,
Digimon All-Star Rumble,X360,2014.0,Fighting,Namco Bandai Games,0.05,0.01,0.0,0.01,0.06,,,5.7,10.0,E10
The Legend of Heroes VII: The Trail of Blue,PSV,2014.0,Role-Playing,Nihon Falcom Corporation,0.0,0.0,0.06,0.0,0.06,,,,,
MotoGP 10/11,X360,2011.0,Racing,Capcom,0.0,0.05,0.0,0.01,0.06,72.0,31.0,,,Three
Cabela's Big Game Hunter (2008),X360,2007.0,Sports,Activision Value,0.06,0.0,0.0,0.0,0.06,51.0,5.0,tbd,,T
Dead Rising 2: Off the Record,PC,2011.0,Action,Capcom,0.04,0.02,0.0,0.01,0.06,66.0,10.0,5.3,54.0,M
Flipnic: Ultimate Pinball,PS2,2003.0,Misc,Ubisoft,0.03,0.02,0.0,0.01,0.06,64.0,28.0,8.1,12.0,E
ICO,PS3,2011.0,Action,Sony Computer Entertainment,0.0,0.0,0.06,0.0,0.06,,,7.4,27.0,T
Eigo de Tabisuru: Little Charo,DS,2011.0,Misc,Nintendo,0.0,0.0,0.06,0.0,0.06,,,,,
World Series of Poker 2008: Battle for the Bracelets,DS,2007.0,Misc,Activision,0.05,0.0,0.0,0.0,0.06,,,tbd,,Eighteen
NBA Hangtime,PS,1996.0,Sports,Midway Games,0.03,0.02,0.0,0.0,0.06,,,,,
Busy Scissors,DS,2010.0,Simulation,Little Orbit,0.06,0.0,0.0,0.0,0.06,,,tbd,,Three
Dreamer Series: Zoo Keeper,DS,2010.0,Simulation,DreamCatcher Interactive,0.06,0.0,0.0,0.0,0.06,,,tbd,,Three
D.C. II P.S.: Da Capo II Plus Situation,PS2,2008.0,Adventure,Kadokawa Shoten,0.0,0.0,0.06,0.0,0.06,,,,,
The Witcher,PC,2007.0,Role-Playing,Atari,0.0,0.05,0.0,0.01,0.06,81.0,50.0,8.8,1116.0,Eighteen
Mike Piazza's Strike Zone,N64,1998.0,Sports,GT Interactive,0.05,0.01,0.0,0.0,0.06,,,,,E
Bust-A-Move '99,N64,1998.0,Puzzle,Acclaim Entertainment,0.05,0.01,0.0,0.0,0.06,,,,,E
Star Soldier: Vanishing Earth,N64,1998.0,Shooter,Hudson Entertainment,0.05,0.01,0.0,0.0,0.06,,,,,E
Top Gear Hyper-Bike,N64,1999.0,Racing,Kemco,0.05,0.01,0.0,0.0,0.06,,,,,
Brunswick Circuit Pro Bowling,N64,1999.0,Sports,THQ,0.05,0.01,0.0,0.0,0.06,,,,,
Olympic Hockey 98,N64,1998.0,Sports,GT Interactive,0.05,0.01,0.0,0.0,0.06,,,,,E
CyberTiger,N64,2000.0,Sports,Electronic Arts,0.05,0.01,0.0,0.0,0.06,,,,,
Polaris SnoCross,N64,2000.0,Racing,Vatical Entertainment,0.05,0.01,0.0,0.0,0.06,,,,,E
Penny Racers,N64,1998.0,Racing,THQ,0.05,0.01,0.0,0.0,0.06,,,,,E
S.C.A.R.S,N64,1998.0,Racing,Ubisoft,0.05,0.01,0.0,0.0,0.06,,,,,E
Another Code R: A Journey into Lost Memories,Wii,2009.0,Adventure,Nintendo,0.0,0.03,0.03,0.0,0.06,66.0,27.0,,,Seven
Virtual Chess 64,N64,1998.0,Misc,Titus,0.05,0.01,0.0,0.0,0.06,,,,,E
Marvel Super Heroes,SAT,1997.0,Fighting,Capcom,0.0,0.0,0.06,0.0,0.06,,,,,T
Worms Blast,GC,2002.0,Puzzle,Ubisoft,0.05,0.01,0.0,0.0,0.06,65.0,12.0,tbd,,E
Atelier Sophie: The Alchemist of the Mysterious Book,PSV,2015.0,Role-Playing,Tecmo Koei,0.0,0.0,0.06,0.0,0.06,,,8,14.0,Twelve
Prinny: Can I Really Be The Hero? (US sales),PSP,2009.0,Action,,0.06,0.0,0.0,0.0,0.06,,,,,
Coded Arms: Contagion,PSP,2007.0,Shooter,Konami Digital Entertainment,0.05,0.0,0.0,0.01,0.06,56.0,20.0,6.6,28.0,T
Foster's Home for Imaginary Friends: Imagination Invaders,DS,2007.0,Adventure,Midway Games,0.06,0.0,0.0,0.0,0.06,,,7.2,6.0,E
Smile PreCure! Let's Go! Marchen World,3DS,2012.0,Action,Namco Bandai Games,0.0,0.0,0.06,0.0,0.06,,,,,
S.T.A.L.K.E.R.: Call of Pripyat,PC,2009.0,Shooter,Namco Bandai Games,0.0,0.05,0.0,0.01,0.06,80.0,44.0,8.7,602.0,USK_18
IHRA Professional Drag Racing 2005,XB,2004.0,Racing,Bethesda Softworks,0.04,0.01,0.0,0.0,0.06,36.0,5.0,tbd,,E
Tokyo Xtreme Racer Advance,GBA,2005.0,Racing,Crave Entertainment,0.04,0.02,0.0,0.0,0.06,,,tbd,,E
Doraemon: Nobita no Uchuu Eiyuuki,3DS,2015.0,Action,FuRyu,0.0,0.0,0.06,0.0,0.06,,,,,
Disney's Kim Possible: Global Gemini,DS,2007.0,Platform,Disney Interactive Studios,0.05,0.01,0.0,0.0,0.06,70.0,5.0,tbd,,E
Rock Blast,DS,2008.0,Puzzle,UFO Interactive,0.06,0.0,0.0,0.0,0.06,,,tbd,,E
I Love Beauty: Hollywood Makeover,DS,2009.0,Misc,City Interactive,0.06,0.0,0.0,0.0,0.06,,,tbd,,E
A New Beginning,PC,2010.0,Adventure,Deep Silver,0.0,0.05,0.0,0.01,0.06,,,,,
World Cup of Pool,DS,2009.0,Sports,Midas Interactive Entertainment,0.06,0.0,0.0,0.0,0.06,,,tbd,,
Santa Claus Is Comin' to Town!,Wii,2011.0,Puzzle,Crave Entertainment,0.06,0.0,0.0,0.0,0.06,,,tbd,,E
Create,PC,2010.0,Action,Electronic Arts,0.04,0.01,0.0,0.01,0.06,54.0,7.0,6.8,9.0,E
MLB Power Pros 2008,DS,2008.0,Sports,Take-Two Interactive,0.06,0.0,0.0,0.0,0.06,70.0,7.0,tbd,,E
Combat Elite: WWII Paratroopers,PS2,2005.0,Shooter,Unknown,0.03,0.02,0.0,0.01,0.06,54.0,12.0,tbd,,T
Combat Elite: WWII Paratroopers,PS2,2005.0,Shooter,Unknown,0.03,0.02,0.0,0.01,0.06,54.0,12.0,tbd,,T
Power Pro Success Legends,PSP,2010.0,Sports,Konami Digital Entertainment,0.0,0.0,0.06,0.0,0.06,,,,,CERO_A
Killer Loop,PS,1999.0,Racing,Crave Entertainment,0.03,0.02,0.0,0.0,0.06,,,,,E
Cabela's Dangerous Hunts: Ultimate Challenge,PSP,2006.0,Sports,Activision Value,0.06,0.0,0.0,0.0,0.06,,,4,4.0,Twelve
Little League World Series Baseball 2008,DS,2008.0,Sports,Activision,0.06,0.0,0.0,0.0,0.06,61.0,5.0,tbd,,E
Worldwide Soccer,SAT,1994.0,Sports,Sega,0.0,0.0,0.06,0.0,0.06,,,,,
Toriko: Gourmet Battle!,3DS,2013.0,Role-Playing,Namco Bandai Games,0.0,0.0,0.06,0.0,0.06,,,,,CERO_A
Tony Hawk's Pro Skater 5,PS3,2015.0,Sports,Activision,0.05,0.0,0.0,0.01,0.06,,,3.1,12.0,Twelve
Showtime Championship Boxing,DS,2007.0,Fighting,Zoo Digital Publishing,0.06,0.0,0.0,0.0,0.06,33.0,4.0,tbd,,
Commandos: Strike Force,PS2,2006.0,Shooter,Eidos Interactive,0.03,0.02,0.0,0.01,0.06,58.0,26.0,8.5,11.0,T
Mobile Suit Gundam: Gundam vs. Zeta Gundam,PS2,2004.0,Shooter,Namco Bandai Games,0.03,0.02,0.0,0.01,0.06,57.0,16.0,8.6,11.0,T
Puzzler Collection,Wii,2008.0,Puzzle,Ubisoft,0.05,0.0,0.0,0.0,0.06,,,tbd,,
Rapala Pro Fishing,GBA,2004.0,Sports,Zoo Digital Publishing,0.04,0.02,0.0,0.0,0.06,,,tbd,,E
Guilty Gear X: Advance Edition,GBA,2002.0,Fighting,Sammy Corporation,0.04,0.02,0.0,0.0,0.06,67.0,14.0,5.9,10.0,T
Fate/Tiger Colosseum Upper,PSP,2008.0,Fighting,Capcom,0.0,0.0,0.06,0.0,0.06,,,,,
Zaidan Houjin Nippon Kanji Nouryoku Kentei Kyoukai Kounin: KanKen DS3 Deluxe,DS,2009.0,Misc,Rocket Company,0.0,0.0,0.06,0.0,0.06,,,,,
Warriors of the Lost Empire,PSP,2007.0,Role-Playing,Mercury Games,0.05,0.0,0.0,0.0,0.06,52.0,6.0,7.4,12.0,
Pop Cutie! Street Fashion Simulation,DS,2008.0,Simulation,Tecmo Koei,0.06,0.0,0.0,0.0,0.06,,,,,E
Ford Racing 3,GBA,2005.0,Racing,Zoo Digital Publishing,0.04,0.02,0.0,0.0,0.06,,,tbd,,
Culdcept Revolt,3DS,2016.0,Strategy,Nintendo,0.0,0.0,0.06,0.0,0.06,,,,,T
Devil's Third,WiiU,2015.0,Action,Nintendo,0.04,0.02,0.0,0.01,0.06,43.0,54.0,6.5,283.0,M
PachiPara 13: Super Umi no Pachi-Pro Fuuunroku,PS2,2006.0,Misc,Irem Software Engineering,0.0,0.0,0.06,0.0,0.06,,,,,
World Soccer Winning Eleven 9 (US sales),PSP,2005.0,Sports,Konami Digital Entertainment,0.05,0.0,0.0,0.0,0.06,,,,,
Star Trek: Tactical Assault,DS,2006.0,Strategy,Ubisoft,0.05,0.01,0.0,0.0,0.06,63.0,15.0,7,10.0,Twelve
Oddworld: Munch's Oddysee,GBA,2003.0,Platform,THQ,0.04,0.02,0.0,0.0,0.06,44.0,15.0,2.5,4.0,E
Winning Post 4 Maximum,PS2,2000.0,Sports,Tecmo Koei,0.0,0.0,0.06,0.0,0.06,,,,,
Xiaolin Showdown,PSP,2006.0,Action,Konami Digital Entertainment,0.05,0.0,0.0,0.0,0.06,59.0,4.0,tbd,,E10
Exhibition Volume 5,XB,2004.0,Misc,Microsoft Game Studios,0.04,0.01,0.0,0.0,0.06,,,,,
Record of Lodoss War: Eiyuu Sensou,SCD,1994.0,Role-Playing,Sega,0.0,0.0,0.06,0.0,0.06,,,,,
Pro Yakyuu Netsu Star 2007,PS2,2007.0,Sports,Namco Bandai Games,0.0,0.0,0.06,0.0,0.06,,,,,
Starry ? Sky: In Summer,PSP,2010.0,Misc,Asgard,0.0,0.0,0.06,0.0,0.06,,,,,CERO_C
Klonoa Beach Volleyball,PS,2002.0,Sports,Namco Bandai Games,0.03,0.02,0.0,0.0,0.06,,,,,
Melty Blood: Actress Again,PS2,2009.0,Fighting,Ecole,0.0,0.0,0.06,0.0,0.06,,,,,
Mahouka Koukou no Rettousei: Out of Order,PSV,2014.0,Adventure,Namco Bandai Games,0.0,0.0,0.06,0.0,0.06,,,,,
3D Lemmings,PS,1995.0,Puzzle,Psygnosis,0.03,0.02,0.0,0.0,0.06,,,,,
Hi Hi Puffy AmiYumi: Kaznapped,GBA,2005.0,Action,D3Publisher,0.04,0.02,0.0,0.0,0.06,,,,,E
Broken Sword: The Shadow of the Templars,GBA,2002.0,Adventure,BAM! Entertainment,0.04,0.02,0.0,0.0,0.06,80.0,17.0,7.8,10.0,T
Resident Evil - Code: Veronica X,GC,2003.0,Action,Capcom,0.05,0.01,0.0,0.0,0.06,62.0,16.0,8.5,32.0,M
Corpse Party: Back to School Edition,3DS,2016.0,Adventure,Xseed Games,0.05,0.0,0.0,0.01,0.06,,,,,M
Tenchi Muyou! Ryoukouki Gokuraku,SAT,1995.0,Adventure,Yumedia,0.0,0.0,0.06,0.0,0.06,,,,,
Kelly Slater's Pro Surfer,GC,2002.0,Sports,Activision,0.05,0.01,0.0,0.0,0.06,80.0,15.0,tbd,,E
I Am In The Movie,PSP,2012.0,Simulation,Namco Bandai Games,0.0,0.0,0.06,0.0,0.06,,,,,
Zoo Tycoon: Complete Collection,PC,2003.0,Strategy,Microsoft Game Studios,0.03,0.02,0.0,0.01,0.06,,,8,8.0,Three
Trapt,PS2,2005.0,Action,Tecmo Koei,0.03,0.02,0.0,0.01,0.06,60.0,36.0,7.9,14.0,Twelve
Splat Renegade Paintball,XB,2005.0,Sports,Take-Two Interactive,0.04,0.01,0.0,0.0,0.06,44.0,14.0,tbd,,T
Lord of Magna: Maiden Heaven,3DS,2014.0,Role-Playing,Marvelous Entertainment,0.0,0.0,0.06,0.0,0.06,68.0,16.0,7.8,36.0,T
SpongeBob SquarePants: Plankton's Robotic Revenge,3DS,2013.0,Shooter,Activision,0.0,0.06,0.0,0.0,0.06,,,tbd,,Seven
Metal Max 4: Gekkou no Diva,3DS,2013.0,Role-Playing,Kadokawa Shoten,0.0,0.0,0.06,0.0,0.06,,,,,
Magi: Aratanaru Sekai,3DS,2014.0,Role-Playing,Namco Bandai Games,0.0,0.0,0.06,0.0,0.06,,,,,
Worms 3D,XB,2003.0,Strategy,Sega,0.04,0.01,0.0,0.0,0.06,69.0,20.0,8.4,10.0,T
Playmobil Knights,DS,2009.0,Action,Mindscape,0.04,0.01,0.0,0.0,0.06,,,tbd,,
MXGP 2,XOne,2016.0,Racing,Milestone S.r.l.,0.03,0.02,0.0,0.01,0.06,,,,,
PoPoLoCrois,PSP,2005.0,Role-Playing,Ignition Entertainment,0.05,0.0,0.0,0.0,0.06,66.0,41.0,7.4,17.0,E
Dragon Rage,PS2,2001.0,Shooter,3DO,0.03,0.02,0.0,0.01,0.06,50.0,9.0,6.4,9.0,T
Theresia...,DS,2008.0,Adventure,Arc System Works,0.05,0.0,0.0,0.0,0.06,61.0,6.0,8,8.0,M
Sacred 2: Fallen Angel,PC,2008.0,Role-Playing,Ascaron Entertainment GmbH,0.0,0.05,0.0,0.01,0.06,71.0,41.0,6.9,203.0,M
Dance Sensation!,Wii,2010.0,Misc,Majesco Entertainment,0.06,0.0,0.0,0.0,0.06,,,,,E
Adventure Time: The Secret of the Nameless Kingdom,X360,2014.0,Action,Little Orbit,0.0,0.05,0.0,0.0,0.06,58.0,5.0,7.5,4.0,Seven
Teenage Mutant Ninja Turtles 3: Mutant Nightmare,DS,2005.0,Action,Konami Digital Entertainment,0.05,0.0,0.0,0.0,0.06,58.0,10.0,7,5.0,E
Raw Danger! (JP sales),PS2,2006.0,Action,505 Games,0.0,0.0,0.06,0.0,0.06,,,,,
Archer Maclean Presents: Pool Paradise,PS2,2004.0,Sports,Ignition Entertainment,0.03,0.02,0.0,0.01,0.06,,,,,
Jumper: Griffin's Story,X360,2008.0,Action,Eidos Interactive,0.05,0.0,0.0,0.0,0.06,29.0,16.0,3.3,30.0,T
Tabi no Yubisashi Kaiwachou DS: DS Series 3 Kankoku,DS,2006.0,Misc,Nintendo,0.0,0.0,0.06,0.0,0.06,,,,,
Utawarerumono: Itsuwari no Kamen,PS4,2015.0,Adventure,Aqua Plus,0.0,0.0,0.06,0.0,0.06,,,,,Sixteen
pro evolution soccer 2011,PC,2010.0,Sports,Konami Digital Entertainment,0.0,0.05,0.0,0.01,0.06,79.0,9.0,,,E
Backyard Skateboarding 2006,GBA,2004.0,Sports,Atari,0.04,0.02,0.0,0.0,0.06,,,,,
Syndicate,PC,1992.0,Strategy,Electronic Arts,0.0,0.05,0.0,0.01,0.06,,,,,
Tron 2.0: Killer App,XB,2004.0,Action,Disney Interactive Studios,0.04,0.01,0.0,0.0,0.06,69.0,36.0,4.3,4.0,T
Steins;Gate: Hiyoku Renri no Darling,PSP,2012.0,Action,5pb,0.0,0.0,0.06,0.0,0.06,,,,,T
Call of Duty: The War Collection,X360,2010.0,Shooter,Activision,0.05,0.0,0.0,0.0,0.06,,,tbd,,
Gegege no Kitarou: Youkai Daigekisen,DS,2008.0,Action,Namco Bandai Games,0.0,0.0,0.06,0.0,0.06,,,,,CERO_A
Dig Dug: Digging Strike,DS,2005.0,Puzzle,Atari,0.05,0.0,0.0,0.0,0.06,65.0,24.0,tbd,,E
FIFA Soccer 07,DS,2006.0,Sports,Electronic Arts,0.05,0.01,0.0,0.0,0.06,,,,,
Emblem of Gundam,DS,2008.0,Strategy,Namco Bandai Games,0.0,0.0,0.06,0.0,0.06,,,,,CERO_A
The Fast and the Furious,PS2,2006.0,Racing,Namco Bandai Games,0.03,0.02,0.0,0.01,0.06,59.0,22.0,6.6,24.0,T
Satisfashion,DS,2010.0,Misc,Destineer,0.05,0.0,0.0,0.0,0.06,,,,,
Imagine: Resort Owner,DS,2010.0,Strategy,Ubisoft,0.05,0.0,0.0,0.0,0.06,,,tbd,,E
G-Police: Weapons of Justice,PS,1999.0,Action,Psygnosis,0.03,0.02,0.0,0.0,0.06,,,,,T
Paws & Claws: Pampered Pets 2,DS,2011.0,Simulation,THQ,0.05,0.0,0.0,0.0,0.06,,,,,
Policenauts,3DO,1995.0,Adventure,Konami Digital Entertainment,0.0,0.0,0.06,0.0,0.06,,,,,
All Kamen Rider: Rider Generation 2,PSP,2012.0,Action,Namco Bandai Games,0.0,0.0,0.06,0.0,0.06,,,,,
Killing Zone,PS,1996.0,Fighting,Acclaim Entertainment,0.03,0.02,0.0,0.0,0.06,,,,,T
Adventures of Lolo,NES,1989.0,Puzzle,HAL Laboratory,0.06,0.0,0.0,0.0,0.06,,,,,E
Quiz! Hexagon II,DS,2010.0,Misc,Namco Bandai Games,0.0,0.0,0.06,0.0,0.06,,,,,
Vampire Rain: Altered Species,PS3,2008.0,Action,Ignition Entertainment,0.05,0.0,0.0,0.0,0.06,30.0,15.0,3.5,36.0,Eighteen
The History Channel: Battle for the Pacific,X360,2007.0,Shooter,Activision,0.05,0.0,0.0,0.0,0.06,35.0,11.0,6.1,21.0,T
BlazBlue Central Fiction,PS3,2016.0,Fighting,PQube,0.02,0.02,0.02,0.01,0.06,,,tbd,,Twelve
Racing Gears Advance,GBA,2004.0,Racing,Zoo Digital Publishing,0.04,0.02,0.0,0.0,0.06,83.0,17.0,8.9,9.0,E
Syphon Filter: Logan's Shadow,PS2,2010.0,Shooter,Sony Computer Entertainment,0.03,0.02,0.0,0.01,0.06,,,7.9,9.0,T
NTRA Breeders' Cup World Thoroughbred Championships,XB,2005.0,Simulation,Bethesda Softworks,0.04,0.01,0.0,0.0,0.06,,,,,
Mayhem 3D,PS3,2011.0,Racing,Evolved Games,0.05,0.0,0.0,0.01,0.06,53.0,5.0,tbd,,E10
Daito Giken Koushiki Pachi-Slot Simulator: Shin Yoshimune,PS2,2008.0,Misc,Paon,0.0,0.0,0.06,0.0,0.06,,,,,
Toy Soldiers: War Chest,XOne,2015.0,Action,Ubisoft,0.05,0.0,0.0,0.01,0.06,60.0,14.0,8.4,50.0,T
Tanjou S Debut,SAT,1996.0,Simulation,NEC Interchannel,0.0,0.0,0.06,0.0,0.06,,,,,
Inversion,X360,2012.0,Shooter,Namco Bandai Games,0.03,0.02,0.0,0.01,0.06,53.0,51.0,6.5,72.0,Eighteen
Nendoroid Generation,PSP,2012.0,Role-Playing,Namco Bandai Games,0.0,0.0,0.06,0.0,0.06,,,,,
Pop'n TwinBee: Rainbow Bell Adventure,SNES,1993.0,Platform,Konami Digital Entertainment,0.0,0.0,0.06,0.0,0.06,,,,,
Need for Speed: Shift,PC,2009.0,Racing,Electronic Arts,0.0,0.05,0.0,0.01,0.06,83.0,22.0,5.8,387.0,GRAC_Twelve
Mercury Meltdown,PSP,2006.0,Action,Atari,0.05,0.0,0.0,0.01,0.06,78.0,36.0,7.8,8.0,E
Exist Archive: The Other Side of the Sky,PSV,2015.0,Role-Playing,Aksys Games,0.01,0.0,0.05,0.0,0.06,71.0,8.0,8.3,12.0,Twelve
Zoo Tycoon 2,PC,2004.0,Strategy,Microsoft Game Studios,0.0,0.05,0.0,0.01,0.06,72.0,34.0,8.1,43.0,E
Broken Helix,PS,1997.0,Action,Konami Digital Entertainment,0.03,0.02,0.0,0.0,0.06,,,,,M
Crazy Chicken: Pharaoh's Treasure,DS,2007.0,Puzzle,Phenomedia,0.05,0.0,0.0,0.0,0.06,,,,,
Katekyoo Hitman Reborn! DS Fate of Heat III - Yuki no Shugosha Raishuu!,DS,2010.0,Role-Playing,Marvelous Interactive,0.0,0.0,0.06,0.0,0.06,,,,,
Brave: A Warrior's Tale,X360,2009.0,Action,SouthPeak Games,0.05,0.01,0.0,0.0,0.06,42.0,17.0,5,4.0,E10
Myst III: Exile,XB,2002.0,Adventure,Ubisoft,0.04,0.01,0.0,0.0,0.06,55.0,11.0,tbd,,E
Hajime no Ippo Portable: Victorious Spirits,PSP,2007.0,Fighting,Grand Prix Games,0.0,0.0,0.06,0.0,0.06,,,,,
CMT Presents: Karaoke Revolution Country,PS2,2006.0,Misc,Konami Digital Entertainment,0.03,0.02,0.0,0.01,0.06,71.0,24.0,tbd,,E10
Katekyoo Hitman Reborn! DS: Flame Rumble Mukuro Kyoushuu,DS,2007.0,Fighting,Takara Tomy,0.0,0.0,0.06,0.0,0.06,,,,,
Rooms: The Main Building,Wii,2010.0,Adventure,Hudson Soft,0.05,0.0,0.0,0.0,0.06,60.0,8.0,tbd,,E
Brave: A Warrior's Tale,Wii,2009.0,Action,SouthPeak Games,0.05,0.0,0.0,0.0,0.06,48.0,13.0,tbd,,E10
Jumble Madness,DS,2009.0,Puzzle,Destineer,0.06,0.0,0.0,0.0,0.06,,,tbd,,E10
Brain Quest: Grades 3 & 4,DS,2008.0,Misc,Electronic Arts,0.05,0.0,0.0,0.0,0.06,,,,,E
Cid to Chocobo no Fushigi na Dungeon: Toki Wasure no Meikyuu DS+,DS,2008.0,Role-Playing,Square Enix,0.0,0.0,0.06,0.0,0.06,,,,,
Vitamin X to Z,PSP,2011.0,Adventure,D3Publisher,0.0,0.0,0.06,0.0,0.06,,,,,CERO_B
Fatal Frame,XB,2002.0,Action,Tecmo Koei,0.04,0.01,0.0,0.0,0.06,77.0,17.0,8.6,16.0,T
Urban Chaos: Riot Response,PS2,2006.0,Shooter,Eidos Interactive,0.03,0.02,0.0,0.01,0.06,73.0,35.0,7.8,24.0,M
Tom Clancy's Ghost Recon: Advanced Warfighter,PS2,2006.0,Shooter,Ubisoft,0.03,0.02,0.0,0.01,0.06,44.0,8.0,4.6,41.0,Sixteen
Jacqueline Wilson's Tracy Beaker: The Game,DS,2009.0,Misc,P2 Games,0.0,0.05,0.0,0.0,0.06,,,,,Three
Teenage Mutant Ninja Turtles II: Back from the Sewers,GB,1991.0,Action,Konami Digital Entertainment,0.0,0.0,0.06,0.0,0.06,,,,,
Ivy the Kiwi?,Wii,2010.0,Puzzle,Rising Star Games,0.04,0.02,0.0,0.0,0.06,74.0,30.0,7.2,12.0,E
Resident Evil 2,GC,2003.0,Action,Capcom,0.04,0.01,0.0,0.0,0.06,59.0,15.0,8.5,31.0,M
Honeycomb Beat,DS,2006.0,Puzzle,Konami Digital Entertainment,0.05,0.0,0.0,0.0,0.06,61.0,28.0,tbd,,E
Real Bout Garou Densetsu Special: Dominated Mind,PS,1998.0,Fighting,SNK,0.0,0.0,0.05,0.0,0.06,,,,,
Minna no Sukkiri,PSP,2009.0,Sports,Sony Computer Entertainment,0.0,0.0,0.06,0.0,0.06,,,,,
Catwoman,XB,2004.0,Action,Electronic Arts,0.04,0.01,0.0,0.0,0.06,45.0,33.0,4.6,5.0,Twelve
Aquarium by DS,DS,2008.0,Simulation,Mercury Games,0.05,0.0,0.0,0.0,0.06,,,tbd,,E
Winter Sports 2: The Next Challenge,DS,2008.0,Sports,RTL,0.04,0.02,0.0,0.0,0.06,,,tbd,,E
Chaos Rings III,PSV,2014.0,Role-Playing,Square Enix,0.0,0.0,0.06,0.0,0.06,,,,,
Top Gun: Hard Lock,X360,2012.0,Action,505 Games,0.03,0.02,0.0,0.0,0.06,54.0,8.0,3.5,16.0,T
Kamen Rider: Battride War Genesis,PS4,2016.0,Action,Namco Bandai Games,0.0,0.0,0.06,0.0,0.06,,,,,CERO_B
Warriors Orochi 2,X360,2008.0,Action,Tecmo Koei,0.04,0.0,0.01,0.0,0.06,44.0,28.0,8.1,15.0,T
Mana Khemia: Alchemists of Al-Revis,PS2,2007.0,Role-Playing,Nippon Ichi Software,0.03,0.02,0.0,0.01,0.06,69.0,20.0,7.5,41.0,Twelve
Burning Rangers,SAT,1998.0,Platform,Sega,0.0,0.0,0.06,0.0,0.06,,,,,E
Flip's Twisted World,Wii,2010.0,Platform,Unknown,0.05,0.0,0.0,0.0,0.06,47.0,7.0,tbd,,E
Street Fighter V,PC,2016.0,Fighting,Capcom,0.0,0.05,0.0,0.0,0.06,74.0,33.0,2.9,431.0,Twelve
The Amazing Spider-Man 2 (2014),WiiU,2014.0,Action,Activision,0.03,0.02,0.0,0.0,0.06,,,,,USK_12
Katekyoo Hitman Reborn! DS Flame Rumble XX - Kessen! Shin 6 Chouka,DS,2010.0,Action,Takara Tomy,0.0,0.0,0.06,0.0,0.06,,,,,
Samurai Warriors 4: Empires,PS3,2015.0,Action,Tecmo Koei,0.0,0.0,0.06,0.0,0.06,,,tbd,,CERO_B
Interplay Sports Baseball 2000,PS,1999.0,Sports,Interplay,0.03,0.02,0.0,0.0,0.06,,,,,E
Zone of the Enders: The Fist of Mars,GBA,2001.0,Role-Playing,Konami Digital Entertainment,0.04,0.02,0.0,0.0,0.06,71.0,12.0,9,9.0,E
Animorphs: Shattered Reality,PS,2000.0,Action,Infogrames,0.03,0.02,0.0,0.0,0.06,27.0,4.0,tbd,,E
Teenage Mutant Ninja Turtles: Tournament Fighters,SNES,1992.0,Fighting,Konami Digital Entertainment,0.0,0.0,0.06,0.0,0.06,,,,,
Eikan wa Kimini 2002: Koshien no Kodou,PS2,2002.0,Sports,DigiCube,0.0,0.0,0.06,0.0,0.06,,,,,
MX vs. ATV Supercross Encore,PS4,2015.0,Sports,Nordic Games,0.0,0.05,0.0,0.01,0.06,42.0,8.0,4.1,9.0,ACB_G
Gun Showdown,PSP,2006.0,Action,Activision,0.05,0.0,0.0,0.01,0.06,73.0,41.0,7.6,9.0,M
Terminator 3: Rise of the Machines,GBA,2003.0,Action,Atari,0.04,0.02,0.0,0.0,0.06,50.0,15.0,tbd,,T
Jissen Pachislot Hisshouhou! Hokuto no Ken Portable SE,PSP,2006.0,Misc,Sega,0.0,0.0,0.06,0.0,0.06,,,,,
G1 Jockey 2,PS2,2000.0,Sports,Tecmo Koei,0.0,0.0,0.06,0.0,0.06,,,,,
Tiger Woods PGA Tour 08,DS,2007.0,Sports,Electronic Arts,0.05,0.0,0.0,0.0,0.06,81.0,10.0,7.6,8.0,E
Mobile Ops: The One Year War,X360,2008.0,Simulation,Namco Bandai Games,0.0,0.0,0.06,0.0,0.06,,,,,
Constantine,XB,2005.0,Action,SCi,0.04,0.01,0.0,0.0,0.06,60.0,31.0,7.1,17.0,M
Tom Clancy's Splinter Cell: Double Agent,GC,2006.0,Action,Ubisoft,0.04,0.01,0.0,0.0,0.06,64.0,8.0,7.1,7.0,M
Senritsu no Stratus,PSP,2011.0,Role-Playing,Konami Digital Entertainment,0.0,0.0,0.06,0.0,0.06,,,,,
Katekyoo Hitman Reborn! DS Flame Rumble X - Mirai Chou-Bakuhatsu!!,DS,2009.0,Fighting,Takara Tomy,0.0,0.0,0.06,0.0,0.06,,,,,
Gormiti: The Lords of Nature!,DS,2010.0,Adventure,Konami Digital Entertainment,0.05,0.0,0.0,0.0,0.06,,,,,E
Monkey Island: Special Edition Collection,X360,2011.0,Adventure,Activision,0.0,0.05,0.0,0.01,0.06,,,,,E10
Samurai Shodown Anthology,Wii,2009.0,Fighting,Ignition Entertainment,0.05,0.0,0.0,0.0,0.06,74.0,6.0,8.2,5.0,T
S.T.A.L.K.E.R.: Shadow of Chernobyl,PC,2007.0,Shooter,THQ,0.01,0.04,0.0,0.01,0.06,82.0,44.0,8.4,1088.0,Sixteen
Nanostray,DS,2005.0,Shooter,Majesco Entertainment,0.05,0.0,0.0,0.0,0.06,71.0,43.0,7.7,19.0,Three
Wantame Fortune Channel,DS,2007.0,Misc,Capcom,0.0,0.0,0.06,0.0,0.06,,,,,
Atari's Greatest Hits: Volume 2,DS,2011.0,Misc,Atari,0.05,0.0,0.0,0.0,0.06,,,,,E
Evangelion: Jo,PSP,2009.0,Action,Namco Bandai Games,0.0,0.0,0.06,0.0,0.06,,,,,
Bleach: Blade Battlers 2nd,PS2,2007.0,Fighting,Sony Computer Entertainment,0.0,0.0,0.06,0.0,0.06,,,,,
Samurai Jack: The Shadow of Aku,PS2,2004.0,Action,Sega,0.03,0.02,0.0,0.01,0.06,59.0,21.0,8.4,10.0,T
Men in Black The Series: Crashdown,PS,2001.0,Shooter,Infogrames,0.03,0.02,0.0,0.0,0.06,,,,,T
Kamen Rider Kabuto,PS2,2006.0,Action,Namco Bandai Games,0.0,0.0,0.06,0.0,0.06,,,,,
Tropico 5,X360,2014.0,Simulation,Kalypso Media,0.03,0.02,0.0,0.0,0.06,71.0,4.0,7.2,9.0,Sixteen
Winx Club: Quest for the Codex,DS,2006.0,Action,Konami Digital Entertainment,0.03,0.02,0.0,0.0,0.06,,,6.8,6.0,Three
Zero Divide,PS,1995.0,Fighting,Ocean,0.03,0.02,0.0,0.0,0.06,,,,,T
FIFA Street,GC,2005.0,Sports,Electronic Arts,0.04,0.01,0.0,0.0,0.06,,,,,E
Tsugunai: Atonement,PS2,2001.0,Role-Playing,Sony Computer Entertainment,0.02,0.01,0.02,0.0,0.06,67.0,13.0,tbd,,T
Rugby World Cup 2015,PS4,2015.0,Sports,Ubisoft,0.0,0.05,0.0,0.01,0.06,25.0,6.0,1.9,39.0,Three
Real Soccer 2009,DS,2008.0,Sports,Ubisoft,0.05,0.0,0.0,0.0,0.06,70.0,7.0,tbd,,Three
Lost Kingdoms II,GC,2003.0,Role-Playing,Activision,0.04,0.01,0.0,0.0,0.06,68.0,25.0,9.1,14.0,T
Aggressive Inline,GC,2002.0,Sports,Acclaim Entertainment,0.04,0.01,0.0,0.0,0.06,88.0,16.0,7.8,5.0,T
Viewtiful Joe: Red Hot Rumble,GC,2005.0,Action,Capcom,0.04,0.01,0.0,0.0,0.06,62.0,27.0,6.9,8.0,T
ZombiU,PS4,2016.0,Action,Ubisoft,0.0,0.04,0.01,0.01,0.06,,,,,
Blade Dancer: Lineage of Light,PSP,2006.0,Role-Playing,Atari,0.05,0.0,0.0,0.0,0.06,60.0,33.0,6.9,16.0,E10
Hakuoki: Stories of the Shinsengumi,PS3,2010.0,Adventure,Idea Factory,0.03,0.0,0.03,0.01,0.06,,,6.5,10.0,M
X-Men: Destiny,DS,2011.0,Action,Activision,0.05,0.01,0.0,0.0,0.06,33.0,6.0,5.6,7.0,Sixteen
Kaite Shabette Hajimeyou! Monster Farm DS,DS,2007.0,Role-Playing,Tecmo Koei,0.0,0.0,0.06,0.0,0.06,,,,,
Rugby World Cup 2015,PS3,2015.0,Sports,Ubisoft,0.0,0.05,0.0,0.01,0.06,,,tbd,,Three
The Sims 2: University,PC,2005.0,Simulation,Electronic Arts,0.01,0.04,0.0,0.01,0.06,81.0,31.0,7.8,49.0,Twelve
Pheasants Forever Wingshooter,Wii,2010.0,Shooter,Unknown,0.03,0.02,0.0,0.0,0.06,,,tbd,,T
Generation of Chaos,PSP,2005.0,Role-Playing,Midas Interactive Entertainment,0.05,0.0,0.0,0.0,0.06,60.0,29.0,7.7,18.0,T
Pro Yaky? Spirits 2012,PSV,2012.0,Sports,Konami Digital Entertainment,0.0,0.0,0.06,0.0,0.06,,,,,
SD Gundam G Generation Wars,Wii,2009.0,Strategy,Namco Bandai Games,0.0,0.0,0.06,0.0,0.06,,,,,
Broken Sword II: The Smoking Mirror,PS,1997.0,Adventure,Sony Computer Entertainment,0.03,0.02,0.0,0.0,0.06,,,,,T
Pump It Up: Exceed,PS2,2005.0,Misc,Mastiff,0.03,0.02,0.0,0.01,0.06,73.0,28.0,8.4,11.0,T
World Championship Athletics,Wii,2009.0,Sports,DTP Entertainment,0.04,0.01,0.0,0.0,0.06,,,tbd,,E
Hakuouki: Yuugi Roku Ni - Matsuri Hayashi to Taishitachi,PSP,2012.0,Action,Idea Factory,0.0,0.0,0.06,0.0,0.06,,,,,
Tokyo Twilight Ghost Hunters,PS3,2014.0,Role-Playing,Aksys Games,0.03,0.0,0.02,0.01,0.06,64.0,11.0,6.4,17.0,T
Wreckless: ThE YaKuza MisSiOns,GC,2002.0,Racing,Activision,0.04,0.01,0.0,0.0,0.06,58.0,17.0,tbd,,T
MotorStorm RC,PSV,2012.0,Racing,Sony Computer Entertainment,0.0,0.04,0.0,0.01,0.06,78.0,39.0,6.8,123.0,E
"Hisshou Pachinko*Pachi-Slot Kouryaku Series Vol. 11: Shinseiki Evangelion - Magokoro o, Kimi ni",PS2,2007.0,Misc,D3Publisher,0.0,0.0,0.06,0.0,0.06,,,,,
TOCA Race Driver 2: Ultimate Racing Simulator,PS2,2004.0,Racing,Codemasters,0.03,0.02,0.0,0.01,0.06,,,,,
Dr. Muto,XB,2002.0,Platform,Midway Games,0.04,0.01,0.0,0.0,0.06,70.0,13.0,tbd,,T
Harry Potter and the Sorcerer's Stone,PC,2001.0,Action,Electronic Arts,0.01,0.04,0.0,0.01,0.06,65.0,11.0,7.8,76.0,Three
Girls RPG: Cinderellife,3DS,2012.0,Role-Playing,Level 5,0.0,0.0,0.06,0.0,0.06,,,,,
Tom Clancy's Rainbow Six: Critical Hour,XB,2006.0,Shooter,Unknown,0.04,0.01,0.0,0.0,0.06,54.0,10.0,3.6,14.0,M
Scrabble Blast!,GBA,2005.0,Misc,Zoo Digital Publishing,0.04,0.01,0.0,0.0,0.06,,,,,E
Scurge: Hive,DS,2006.0,Action,SouthPeak Games,0.05,0.0,0.0,0.0,0.06,70.0,29.0,8.6,5.0,Seven
Fate/Stay Night [RÃ©alta Nua],PSV,2012.0,Adventure,Kadokawa Shoten,0.0,0.0,0.06,0.0,0.06,,,,,
Remember Me,PC,2013.0,Action,Capcom,0.0,0.05,0.0,0.0,0.06,65.0,26.0,7.4,1007.0,Sixteen
Gintama no Sugoroku,PSP,2013.0,Action,Namco Bandai Games,0.0,0.0,0.06,0.0,0.06,,,,,
The Lord of the Rings: Aragorn's Quest,PS2,2010.0,Action,Warner Bros. Interactive Entertainment,0.03,0.02,0.0,0.01,0.06,,,tbd,,Twelve
Doraemon 4: Nobita to Toki no Okoku,SNES,1995.0,Platform,Epoch,0.0,0.0,0.06,0.0,0.06,,,,,
Myst,SAT,1994.0,Adventure,Sunsoft,0.0,0.0,0.06,0.0,0.06,,,,,
Miracle Girls Festival,PSV,2015.0,Misc,Sega,0.0,0.0,0.06,0.0,0.06,,,,,
Toaru Kagaku no Chou Denjihou,PSP,2011.0,Adventure,Kadokawa Shoten,0.0,0.0,0.06,0.0,0.06,,,,,
Starwinder: The Ultimate Space Race,PS,1996.0,Racing,Mindscape,0.03,0.02,0.0,0.0,0.06,,,,,E
Challenge Me: Brain Puzzles 2,Wii,2010.0,Puzzle,O-Games,0.0,0.05,0.0,0.0,0.06,,,tbd,,
Angelique Trois,PS2,2000.0,Adventure,Tecmo Koei,0.0,0.0,0.06,0.0,0.06,,,,,CERO_B
Zendoku,DS,2007.0,Puzzle,Eidos Interactive,0.05,0.0,0.0,0.0,0.06,68.0,13.0,tbd,,E
Dance Dance Revolution: Mario Mix (JP sales),GC,2005.0,Simulation,Nintendo,0.0,0.0,0.05,0.0,0.06,,,,,
Winx Club: Mission Enchantix,DS,2008.0,Adventure,Konami Digital Entertainment,0.03,0.02,0.0,0.0,0.06,,,tbd,,E
FIFA Soccer 06,DS,2005.0,Sports,Electronic Arts,0.05,0.0,0.0,0.0,0.06,,,,,
A-Train 6,PS2,2000.0,Strategy,Midas Interactive Entertainment,0.0,0.0,0.06,0.0,0.06,,,,,E
Meitantei Conan: Tantei Ryoku Trainer,DS,2007.0,Misc,Namco Bandai Games,0.0,0.0,0.06,0.0,0.06,,,,,
MotoGP,GBA,2002.0,Racing,THQ,0.04,0.01,0.0,0.0,0.06,67.0,11.0,tbd,,E
Dino Pets,DS,2009.0,Simulation,Avanquest,0.05,0.0,0.0,0.0,0.06,,,tbd,,
ESPN International Winter Sports 2002,PS2,2002.0,Sports,Konami Digital Entertainment,0.03,0.02,0.0,0.01,0.06,62.0,13.0,tbd,,E
"Tennis no Oji-Sama: Doubles no Oji-Sama - Girls, Be Gracious!",DS,2009.0,Sports,Konami Digital Entertainment,0.0,0.0,0.06,0.0,0.06,,,,,
KimiKiss (ebKore+),PS2,2008.0,Adventure,Enterbrain,0.0,0.0,0.06,0.0,0.06,,,,,
Champion Jockey: G1 Jockey & Gallop Racer,X360,2011.0,Sports,Tecmo Koei,0.0,0.05,0.0,0.01,0.06,,,,,Three
Gold and Glory: The Road to El Dorado,PS,2000.0,Adventure,Ubisoft,0.03,0.02,0.0,0.0,0.06,34.0,4.0,tbd,,E
Choro Q Marine: Q Boat,PS,1998.0,Racing,Takara,0.0,0.0,0.05,0.0,0.06,,,,,
NBA Live 07,XB,2006.0,Sports,Electronic Arts,0.04,0.01,0.0,0.0,0.06,69.0,14.0,6.8,13.0,E
Caligula,PSV,2016.0,Role-Playing,FuRyu,0.0,0.0,0.06,0.0,0.06,,,,,T
BattleBots: Beyond the BattleBox,GBA,2002.0,Action,Vivendi Games,0.04,0.01,0.0,0.0,0.06,53.0,7.0,tbd,,E
Yuugen Gaisha Brave Company,3DS,2011.0,Strategy,Namco Bandai Games,0.0,0.0,0.06,0.0,0.06,,,,,
Diva Girls: Divas on Ice,DS,2009.0,Sports,505 Games,0.05,0.0,0.0,0.0,0.06,,,tbd,,E
Handball 16,PS4,2015.0,Sports,Bigben Interactive,0.0,0.05,0.0,0.01,0.06,,,3,4.0,Three
Ken to Mahou to Gakuen Mono. 3D,3DS,2011.0,Role-Playing,Acquire,0.0,0.0,0.06,0.0,0.06,,,,,
Mighty Beanz: Pocket Puzzles,GBA,2004.0,Puzzle,Majesco Entertainment,0.04,0.01,0.0,0.0,0.06,37.0,6.0,tbd,,E
Dreamer Series: Babysitter,DS,2009.0,Simulation,Deep Silver,0.05,0.0,0.0,0.0,0.06,,,tbd,,E
Samurai Warriors 4: Empires,PSV,2015.0,Action,Tecmo Koei,0.0,0.0,0.06,0.0,0.06,,,tbd,,CERO_B
Ride to Hell,X360,2013.0,Racing,Deep Silver,0.04,0.01,0.0,0.01,0.06,19.0,14.0,1.3,433.0,M
The King of Fighters '96,NG,1996.0,Fighting,SNK,0.0,0.0,0.06,0.0,0.06,,,,,
Nobunaga no Yabou: Souzou,PS4,2014.0,Strategy,Tecmo Koei,0.0,0.0,0.06,0.0,0.06,,,,,CERO_A
Friends: The One with All the Trivia,PS2,2005.0,Misc,Warner Bros. Interactive Entertainment,0.03,0.02,0.0,0.01,0.06,50.0,6.0,tbd,,T
Mame Goma 2: Uchi no Ko ga Ichiban!,DS,2008.0,Simulation,Creative Core,0.0,0.0,0.06,0.0,0.06,,,,,
Backyard NFL Football '08,PS2,2007.0,Sports,Atari,0.03,0.02,0.0,0.01,0.06,,,,,
The Saboteur,PC,2009.0,Action,Electronic Arts,0.0,0.05,0.0,0.01,0.06,76.0,20.0,8,236.0,M
Gunbird,SAT,1995.0,Shooter,Atlus,0.0,0.0,0.06,0.0,0.06,,,,,T
Dream C Club Portable,PSP,2010.0,Simulation,D3Publisher,0.0,0.0,0.06,0.0,0.06,,,,,
Hail to the Chimp,X360,2008.0,Misc,Gamecock,0.05,0.0,0.0,0.0,0.06,52.0,23.0,6.1,7.0,T
Tom Clancy's Rainbow Six 3,GC,2004.0,Shooter,Ubisoft,0.04,0.01,0.0,0.0,0.06,68.0,25.0,8.2,5.0,M
Elemental Gearbolt,PS,1997.0,Shooter,Sony Computer Entertainment,0.03,0.02,0.0,0.0,0.06,76.0,11.0,tbd,,T
Rocket League,PC,2016.0,Sports,505 Games,0.01,0.04,0.0,0.0,0.06,86.0,20.0,8.2,580.0,E
Warriors: Legends of Troy,X360,2011.0,Action,Tecmo Koei,0.0,0.04,0.01,0.01,0.06,,,,,Eighteen
Nobunaga's Ambition: Sphere of Influence - Sengoku Risshiden,PS4,2016.0,Misc,Tecmo Koei,0.01,0.0,0.05,0.0,0.06,,,,,
WWF Wrestlemania: The Arcade Game,PS,1995.0,Fighting,Acclaim Entertainment,0.03,0.02,0.0,0.0,0.06,,,,,E
Dungeon Explorer: Warriors of Ancient Arts,DS,2007.0,Role-Playing,Rising Star Games,0.05,0.0,0.0,0.0,0.06,60.0,10.0,tbd,,E10
Cabela's Big Game Hunter 2005 Adventures,GBA,2004.0,Sports,Activision,0.04,0.01,0.0,0.0,0.06,,,,,T
Mega Man 8 Anniversary Collector's Edition,SAT,1997.0,Platform,Capcom,0.0,0.0,0.06,0.0,0.06,,,,,E
Whiplash,XB,2003.0,Racing,Eidos Interactive,0.04,0.01,0.0,0.0,0.06,68.0,28.0,tbd,,T
V-Rally 3,PS2,2002.0,Racing,Atari,0.03,0.02,0.0,0.01,0.06,82.0,10.0,7.4,14.0,E
Pro Yakyuu Famista 2011,3DS,2011.0,Sports,Namco Bandai Games,0.0,0.0,0.06,0.0,0.06,,,,,CERO_A
Impact Racing,PS,1996.0,Racing,JVC,0.03,0.02,0.0,0.0,0.06,,,,,E
Mirror's Edge,PC,2009.0,Platform,Electronic Arts,0.0,0.05,0.0,0.01,0.06,81.0,44.0,8.1,1026.0,Sixteen
Titan Quest,PC,2006.0,Role-Playing,THQ,0.01,0.04,0.0,0.01,0.06,77.0,51.0,8.1,387.0,T
Amazing Island,GC,2004.0,Strategy,Sega,0.04,0.01,0.0,0.0,0.06,59.0,22.0,6.6,7.0,E
Space Chimps,DS,2008.0,Platform,Brash Entertainment,0.05,0.0,0.0,0.0,0.06,59.0,5.0,tbd,,E
SeaBlade,XB,2002.0,Shooter,TDK Mediactive,0.04,0.01,0.0,0.0,0.06,48.0,11.0,tbd,,T
Jikkyou Powerful Pro Yakyuu DreamCast Edition,DC,2000.0,Sports,Konami Digital Entertainment,0.0,0.0,0.06,0.0,0.06,,,,,
Carmen Sandiego: The Secret of the Stolen Drums,PS2,2004.0,Action,BAM! Entertainment,0.03,0.02,0.0,0.01,0.06,53.0,8.0,tbd,,E
Izuna 2: The Unemployed Ninja Returns,DS,2007.0,Role-Playing,Success,0.05,0.0,0.0,0.0,0.06,65.0,18.0,7.9,13.0,T
Tokyo Mono Harashi: Karasu no Mori Gakuen Kitan,PSP,2010.0,Role-Playing,Atlus,0.0,0.0,0.06,0.0,0.06,,,,,
Saki: Zenkoku-hen,PSV,2015.0,Misc,Kaga Create,0.0,0.0,0.06,0.0,0.06,,,,,
Point Blank DS (US sales),DS,2006.0,Shooter,Atari,0.05,0.0,0.0,0.0,0.06,,,,,
Ski Region Simulator,PC,2011.0,Simulation,Excalibur Publishing,0.0,0.05,0.0,0.01,0.06,,,tbd,,USK_0
MotoGP 4 - Official Game of MotoGP,PS2,2005.0,Racing,Sony Computer Entertainment,0.03,0.02,0.0,0.01,0.06,,,,,
Gothic 3,PC,2006.0,Role-Playing,JoWood Productions,0.0,0.05,0.0,0.01,0.06,63.0,39.0,7.3,519.0,T
Roogoo Twisted Towers,Wii,2009.0,Puzzle,SouthPeak Games,0.05,0.0,0.0,0.0,0.05,,,,,Three
Kyoukai Senjou no Horizon Portable,PSP,2013.0,Adventure,Kadokawa Shoten,0.0,0.0,0.05,0.0,0.05,,,,,
Shining Force III: Scenario 2,SAT,1998.0,Strategy,Sega,0.0,0.0,0.05,0.0,0.05,,,,,
History Great Empires: Rome,DS,2009.0,Strategy,Black Bean Games,0.05,0.0,0.0,0.0,0.05,42.0,5.0,tbd,,E10
7 Days to Die,XOne,2016.0,Action,Telltale Games,0.03,0.02,0.0,0.0,0.05,35.0,17.0,5.2,74.0,Eighteen
Chuck E. Cheese's Playhouse,DS,2010.0,Misc,UFO Interactive,0.05,0.0,0.0,0.0,0.05,,,tbd,,E
Worms World Party,GBA,2002.0,Strategy,Ubisoft,0.04,0.01,0.0,0.0,0.05,75.0,4.0,tbd,,E
Medabots: Metabee,GBA,2002.0,Role-Playing,Natsume,0.04,0.01,0.0,0.0,0.05,,,,,Seven
Alvin and the Chipmunks,Wii,2007.0,Misc,Eidos Interactive,0.05,0.0,0.0,0.0,0.05,30.0,4.0,3.6,20.0,E
Final Fight: Streetwise,PS2,2006.0,Action,Capcom,0.03,0.02,0.0,0.01,0.05,43.0,36.0,6.2,11.0,M
Speed Kings,XB,2003.0,Racing,Acclaim Entertainment,0.04,0.01,0.0,0.0,0.05,60.0,16.0,8.8,4.0,E
Rebelstar: Tactical Command,GBA,2005.0,Strategy,Atari,0.04,0.01,0.0,0.0,0.05,78.0,29.0,9.1,10.0,E10
F1 2010,PC,2010.0,Racing,Codemasters,0.0,0.05,0.0,0.01,0.05,84.0,15.0,6.6,99.0,E
Gladiator: Sword of Vengeance,XB,2003.0,Action,Acclaim Entertainment,0.04,0.01,0.0,0.0,0.05,65.0,25.0,7.1,7.0,M
Minna to Kimi no Piramekino!,DS,2010.0,Misc,Namco Bandai Games,0.0,0.0,0.05,0.0,0.05,,,,,
Dungeon Keeper 2,PC,1999.0,Action,Electronic Arts,0.0,0.05,0.0,0.01,0.05,,,8.8,100.0,ACB_MA15
Bombastic,PS2,2002.0,Puzzle,Capcom,0.03,0.02,0.0,0.01,0.05,72.0,24.0,7.2,6.0,
